,input,output,demand_met,median_process_time_hours,max_process_time_hours,run,name
1,29946,12648,0.42,18.12,18.12,0,V12.1 Intervals CONT
1,29946,12276,0.41,18.03,18.03,1,V12.1 Intervals CONT
1,29946,12276,0.41,18.07,18.07,2,V12.1 Intervals CONT
1,29946,8184,0.27,17.77,17.77,3,V12.1 Intervals CONT
1,29946,8928,0.3,17.65,17.65,4,V12.1 Intervals CONT
1,29946,9672,0.32,13.73,13.73,5,V12.1 Intervals CONT
1,29946,10044,0.34,17.43,17.43,6,V12.1 Intervals CONT
1,29946,11160,0.37,17.95,17.95,7,V12.1 Intervals CONT
1,29946,10044,0.34,17.53,17.53,8,V12.1 Intervals CONT
1,29946,13020,0.43,17.77,17.77,9,V12.1 Intervals CONT
1,29946,11904,0.4,17.97,17.97,10,V12.1 Intervals CONT
1,29946,11532,0.39,18.05,18.05,11,V12.1 Intervals CONT
1,29946,12276,0.41,17.9,17.9,12,V12.1 Intervals CONT
1,29946,11532,0.39,17.17,17.17,13,V12.1 Intervals CONT
1,29946,12648,0.42,18.0,18.0,14,V12.1 Intervals CONT
1,29946,10416,0.35,17.4,17.4,15,V12.1 Intervals CONT
1,29946,11160,0.37,13.95,13.95,16,V12.1 Intervals CONT
1,29946,10788,0.36,17.88,17.88,17,V12.1 Intervals CONT
1,29946,10416,0.35,18.02,18.02,18,V12.1 Intervals CONT
1,29946,7068,0.24,11.88,11.88,19,V12.1 Intervals CONT
1,29946,11904,0.4,17.95,17.95,20,V12.1 Intervals CONT
1,29946,11160,0.37,17.97,17.97,21,V12.1 Intervals CONT
1,29946,11160,0.37,15.55,15.55,22,V12.1 Intervals CONT
1,29946,10788,0.36,17.67,17.67,23,V12.1 Intervals CONT
1,29946,12276,0.41,17.65,17.65,24,V12.1 Intervals CONT
1,29946,7812,0.26,15.62,15.62,25,V12.1 Intervals CONT
1,29946,11532,0.39,18.08,18.08,26,V12.1 Intervals CONT
1,29946,11532,0.39,18.1,18.1,27,V12.1 Intervals CONT
1,29946,10788,0.36,15.98,15.98,28,V12.1 Intervals CONT
1,29946,8556,0.29,18.05,18.05,29,V12.1 Intervals CONT
