,time_in,sample_receipt_in,sample_receipt_out,sample_prep_auto_in,sample_prep_auto_out,sample_prep_manual_in,sample_prep_manual_out,sample_heat_in,sample_heat_out,rna_extraction_in,rna_extraction_out,pcr_prep_in,pcr_prep_out,pcr_in,pcr_out,data_analysis_in,data_analysis_out,priority
65,2880,0.0,22.37843236703975,23.0,83.53396127701853,,,86.0,588.1662153146099,599.0,721.526891721217,723.0,759.8640305917029,760.0,864.7847301858574,865.0,875.7959358311582,1
66,2880,0.0,22.37843236703975,23.0,83.53396127701853,,,86.0,588.1662153146099,608.0,735.3415555945658,737.0,772.566748245335,773.0,882.2589075896399,883.0,895.0528972040206,1
67,2880,0.0,23.159556459879695,,,24.0,70.37938172897384,74.0,150.42707666940896,205.0,327.5590758623157,329.0,364.80112312607207,365.0,473.10617377581,474.0,484.7682843803591,1
68,2880,0.0,23.159556459879695,,,24.0,70.37938172897384,74.0,150.42707666940896,218.0,344.3974236688573,346.0,382.5766829913364,383.0,488.2086390604727,489.0,500.274671118937,1
69,2880,0.0,22.796262615277556,23.0,96.61689658590376,,,99.0,159.0299067571077,191.0,321.89301930974307,323.0,363.8441576711698,364.0,472.26020847452355,473.0,484.45065700788746,1
70,2880,0.0,23.24053290167376,,,24.0,76.32412841882069,77.0,589.625979651395,615.0,747.3514305564254,785.0,824.8774239916061,825.0,930.1610470178443,931.0,941.1981295638388,1
71,2880,0.0,23.24053290167376,,,24.0,76.32412841882069,77.0,589.625979651395,658.0,783.3133961667236,789.0,825.502684856358,826.0,936.3848059816405,937.0,947.1674462085939,1
72,2880,0.0,24.514438029366374,,,25.0,93.31903413070131,95.0,167.2579638393654,198.0,324.1203690204047,343.0,378.68962558612566,379.0,488.5648629760567,489.0,499.1183650981807,1
73,2880,0.0,24.20726762867389,,,25.0,397.5024984288925,411.0,490.4580522821607,513.0,639.6710185031998,641.0,677.3339345445575,678.0,784.7340216058474,785.0,795.3281757274872,1
74,2880,0.0,24.20726762867389,,,25.0,397.5024984288925,411.0,490.4580522821607,513.0,636.3235791065204,638.0,674.544681670382,675.0,783.8356665634651,784.0,795.6255208609668,1
75,2880,0.0,25.251184496499718,,,26.0,234.4069481335232,235.0,267.4495646597238,285.0,409.3167908026344,434.0,470.2988516338769,471.0,578.6344982207643,579.0,590.3714912091441,1
76,2880,0.0,25.251184496499718,,,26.0,234.4069481335232,235.0,267.4495646597238,308.0,432.4160562600018,458.0,496.308681768905,497.0,605.3471995513191,606.0,617.0450107543443,1
77,2880,23.0,47.71954290783424,,,48.0,304.5442140466339,312.0,339.51826921420115,358.0,481.0758290938538,483.0,518.3696118194534,519.0,629.5677792842625,630.0,640.363122907961,1
78,2880,23.0,47.71954290783424,,,48.0,304.5442140466339,312.0,339.51826921420115,369.0,497.01969970612754,499.0,537.0124043108854,538.0,641.8107119273159,642.0,652.8681827070932,1
79,2880,23.0,49.418586802487425,,,69.0,163.9057146525397,169.0,215.5260107646568,228.0,351.3570313731452,361.0,398.94002689910803,399.0,503.60220571309264,504.0,514.466819720546,1
80,2880,23.0,49.418586802487425,,,69.0,163.9057146525397,169.0,215.5260107646568,235.0,359.5925613904992,367.0,403.3343634032126,404.0,511.63420516942733,512.0,523.2902157375656,1
81,2880,23.0,48.87950010373379,,,71.0,121.82230912798377,122.0,213.30020782098245,242.0,365.83663862777394,370.0,406.56733513671634,407.0,513.5731879393811,514.0,524.1838693074069,1
82,2880,23.0,45.563081348327614,,,46.0,267.22656047183455,269.0,293.8539168455586,329.0,456.9117163463229,459.0,496.4083247987064,497.0,604.7619966443735,605.0,617.2686339806905,1
83,2880,23.0,45.67158903825384,,,46.0,241.06627501096318,242.0,268.69838914188085,278.0,403.16216482394384,405.0,439.8742301476336,440.0,551.0645959230524,552.0,564.0554658927003,1
84,2880,23.0,45.67158903825384,,,46.0,241.06627501096318,242.0,268.69838914188085,278.0,401.8319748936924,403.0,438.9171203596138,439.0,544.8175001302902,545.0,555.5958038849622,1
85,2880,24.0,48.76336968901387,,,74.0,244.5706181337755,263.0,396.2584330175937,415.0,538.8619214048758,540.0,580.0902994458474,581.0,686.2462523752556,687.0,698.700183565873,1
86,2880,24.0,48.76336968901387,,,74.0,244.5706181337755,263.0,396.2584330175937,492.0,619.1953364021947,621.0,657.3112491360539,658.0,768.8441321652795,769.0,779.5216411731817,1
87,2880,25.0,47.87698897701193,,,75.0,725.1023036310194,737.0,761.259060129541,778.0,905.0560452300278,907.0,943.9208093769416,944.0,1050.3546761169364,1051.0,1061.947748724499,1
88,2880,25.0,47.87698897701193,,,75.0,725.1023036310194,737.0,761.259060129541,778.0,902.7556181020877,904.0,940.0809053818666,941.0,1050.9567964556577,1051.0,1061.5937244052407,1
89,2880,26.0,50.21083380593791,84.0,598.5371304289247,,,599.0,646.5088460359661,680.0,810.868981145451,812.0,851.5460707766624,852.0,957.1360906782015,958.0,968.2336252397099,1
90,2880,26.0,50.21083380593791,84.0,598.5371304289247,,,599.0,646.5088460359661,688.0,818.3256135597908,820.0,856.6919445669937,857.0,962.168457256766,963.0,973.9440537595078,1
91,2880,46.0,70.74054025325495,85.0,171.47266443528042,,,184.0,220.8803761277768,249.0,377.1244365201833,382.0,417.61056635604564,418.0,522.8325649773706,523.0,533.5835119711378,1
92,2880,46.0,327.6949479517343,,,329.0,377.75839937348474,378.0,507.00042293583465,520.0,647.3716590925646,651.0,688.344437779177,689.0,797.4023859869553,798.0,809.4909962061965,1
93,2880,46.0,327.6949479517343,,,329.0,377.75839937348474,378.0,507.00042293583465,527.0,649.1956713526747,661.0,698.8568718054617,699.0,808.8141272109519,809.0,819.579398854029,1
94,4320,0.0,23.417348342579317,,,24.0,72.18753072442541,73.0,107.49121773608385,118.0,242.4586695418211,274.0,312.51887025183714,313.0,416.56066817400097,417.0,428.27297464997173,1
95,4320,0.0,23.417348342579317,,,24.0,72.18753072442541,73.0,107.49121773608385,148.0,272.71958235240527,334.0,370.5565499208042,371.0,478.2211573662662,479.0,489.23005695623215,1
96,4320,0.0,26.967983242881928,,,27.0,91.71650110833525,92.0,232.63303959592213,257.0,382.17438035740633,384.0,421.8342364055052,422.0,531.2217277908276,532.0,542.7009799855186,1
97,4320,0.0,26.967983242881928,,,27.0,91.71650110833525,92.0,232.63303959592213,264.0,391.52963444641864,393.0,428.19012062593265,429.0,538.5148331459932,539.0,549.365024550164,1
98,4320,0.0,25.39197847680498,,,26.0,291.1212518722896,310.0,338.9671664290072,348.0,472.4178166461734,474.0,513.3578713470351,514.0,625.3005570049218,626.0,637.318391402494,1
99,4320,0.0,25.39197847680498,,,26.0,291.1212518722896,310.0,338.9671664290072,355.0,479.21846217430175,481.0,519.8289873497442,520.0,624.8773190477305,625.0,636.2395486170644,1
100,4320,0.0,22.26551766857756,23.0,84.87750387213964,,,85.0,131.5876190865847,210.0,342.006364992988,344.0,379.9268628373975,380.0,485.8298054430752,486.0,496.7589676148864,1
101,4320,0.0,26.069200751097924,,,27.0,702.7495531155646,711.0,735.8160569409301,751.0,874.5236386090346,887.0,933.2890831334635,934.0,1039.7810944935254,1040.0,1052.1283159448367,1
102,4320,0.0,26.069200751097924,,,27.0,702.7495531155646,711.0,735.8160569409301,758.0,885.4992626322282,1689.0,1725.5094398229048,1726.0,1832.6380586933865,1833.0,1843.0994465316971,1
103,4320,0.0,24.61928383283339,,,25.0,277.1621214750703,288.0,316.3091917843258,328.0,452.95284845307015,454.0,489.9140183864274,490.0,597.38308274266,598.0,608.5481074061117,1
104,4320,0.0,24.61928383283339,,,25.0,277.1621214750703,288.0,316.3091917843258,328.0,457.5245050500098,459.0,495.3716141479881,496.0,604.0341375580338,605.0,615.0322083401397,1
105,4320,0.0,25.5575849037441,,,26.0,578.3988317761896,587.0,690.8426981309549,715.0,844.4754701600823,846.0,882.5137717360685,883.0,1015.2322282069008,1016.0,1026.8569029278724,1
106,4320,0.0,25.5575849037441,,,26.0,578.3988317761896,587.0,690.8426981309549,722.0,850.8806362064597,852.0,888.0113794159806,889.0,1010.65430778254,1011.0,1022.7752527468128,1
107,4320,0.0,24.065183237802557,,,25.0,73.47687142621817,74.0,221.3645259435434,243.0,367.7390984414933,369.0,406.91993540331987,407.0,512.4833915870677,513.0,525.0093104676525,1
108,4320,0.0,24.065183237802557,,,25.0,73.47687142621817,74.0,221.3645259435434,243.0,368.4007000222191,370.0,405.50264722070733,406.0,513.2627314070996,514.0,525.0894585392116,1
109,4320,0.0,25.80115999582813,,,26.0,91.6584856000427,98.0,592.5899867389244,608.0,733.508376403006,735.0,771.5023508996255,772.0,878.0322454468715,879.0,899.6731684607212,1
110,4320,0.0,25.80115999582813,,,26.0,91.6584856000427,98.0,592.5899867389244,615.0,738.0019002931886,740.0,777.4749781620512,778.0,893.9551061835336,894.0,905.9320690931463,1
111,4320,23.0,46.96853580256084,,,47.0,122.76526435353117,123.0,212.43497834295067,228.0,354.2331482727777,363.0,400.8679661856713,401.0,508.3570596596901,509.0,519.6152980438237,1
112,4320,23.0,47.41661157380531,,,48.0,166.57483942198905,202.0,237.56513693218312,250.0,375.06416161182096,392.0,428.4301538085001,429.0,535.319135923507,536.0,546.0709205627481,1
113,4320,23.0,45.76930722185625,,,46.0,143.51862176933355,145.0,268.8203284111296,278.0,407.48699151598976,409.0,444.5262349623017,445.0,549.6768313640405,550.0,561.9064878119943,1
114,4320,23.0,45.76930722185625,,,46.0,143.51862176933355,145.0,268.8203284111296,285.0,411.39611371248066,413.0,449.21902344940736,450.0,561.9724597950972,562.0,572.0117004512331,1
115,4320,23.0,46.711577776573904,,,47.0,123.94368552092692,128.0,691.330825005024,722.0,847.1198335287036,849.0,887.1956704099766,888.0,1014.6041876516847,1015.0,1025.4186942323877,1
116,4320,24.0,49.833244516149534,,,70.0,588.4130260508891,591.0,639.0293696663975,664.0,793.9950388013995,798.0,835.149697572816,836.0,944.6477720960047,945.0,955.1629466510403,1
117,4320,24.0,49.833244516149534,,,70.0,588.4130260508891,591.0,639.0293696663975,671.0,796.359378292489,805.0,843.2860802505138,844.0,956.052611745451,957.0,967.3671524349011,1
118,4320,26.0,257.81245469042733,,,260.0,310.556081391097,317.0,590.7669323195578,636.0,760.697551689921,762.0,797.6450785610778,798.0,917.3494911221887,918.0,930.0941168314739,1
119,4320,26.0,257.81245469042733,,,260.0,310.556081391097,317.0,590.7669323195578,636.0,762.4045240191808,764.0,801.5213062014491,802.0,909.1614294566789,910.0,920.1982130681017,1
120,4320,26.0,49.57908179980586,,,75.0,362.5750161160149,369.0,415.44565406731544,428.0,553.1031458910375,555.0,590.1838888138436,591.0,695.0928263673213,696.0,706.7419051931565,1
121,4320,26.0,49.57908179980586,,,75.0,362.5750161160149,369.0,415.44565406731544,498.0,622.0472206335535,624.0,659.6814518011133,660.0,766.9360502752997,767.0,778.7220559565931,1
122,4320,27.0,71.78102139450584,,,77.0,263.07524456991905,264.0,321.70027175945506,338.0,464.7163563502636,482.0,522.3401527143988,523.0,629.6367930867418,630.0,640.5291329005831,1
123,5760,0.0,27.116169256313697,,,28.0,90.39524056543632,94.0,303.48934767373703,318.0,457.6585416643611,461.0,500.49970309825676,501.0,609.111632756817,610.0,620.6021218171554,1
124,5760,0.0,27.116169256313697,,,28.0,90.39524056543632,94.0,303.48934767373703,325.0,459.94624934253534,461.0,496.8036833168717,497.0,606.1151602091286,607.0,618.9644093975894,1
125,5760,0.0,23.918882674143788,,,24.0,77.38542396718276,78.0,566.8954420182263,578.0,703.596014939526,705.0,741.1100041918917,742.0,847.6975064064709,848.0,858.377498015816,1
126,5760,0.0,23.918882674143788,,,24.0,77.38542396718276,78.0,566.8954420182263,578.0,701.5640901515881,703.0,739.5377829788004,740.0,852.4112420637193,853.0,863.4067537636265,1
127,5760,0.0,22.97597308603872,23.0,85.43878283529375,,,86.0,129.5273733100803,148.0,272.56842938797126,283.0,320.3188028303157,321.0,425.877075119276,426.0,437.2347088013448,1
128,5760,0.0,22.97597308603872,23.0,85.43878283529375,,,86.0,129.5273733100803,156.0,281.43235715435185,292.0,327.12736300469714,328.0,435.45720533043186,436.0,446.6898554879508,1
129,5760,0.0,25.38329868025903,,,26.0,97.45441448231668,98.0,130.00607704452705,168.0,290.61361091052913,296.0,335.39673730673167,336.0,441.49344373465374,442.0,462.10384016647004,1
130,5760,0.0,23.751316995598245,,,24.0,71.50270564901712,73.0,100.47762269805298,119.0,247.62311923801462,250.0,289.025944012903,290.0,398.1734491716661,399.0,410.45915645405785,1
131,5760,0.0,23.64039152414807,,,24.0,368.05018050994386,372.0,467.38688701065803,502.0,628.2500643942749,630.0,669.5559989758895,670.0,775.3031006418341,776.0,786.3186467137239,1
132,5760,0.0,23.64039152414807,,,24.0,368.05018050994386,372.0,467.38688701065803,518.0,641.4876562745349,643.0,679.6885495481101,680.0,791.0066703221446,792.0,804.2825501736243,1
133,5760,0.0,25.979846170117526,,,26.0,586.5089103647888,592.0,682.6909732638451,727.0,856.294174439884,858.0,896.6862306629655,897.0,1008.4236187654842,1009.0,1019.3784378917717,1
134,5760,0.0,25.979846170117526,,,26.0,586.5089103647888,592.0,682.6909732638451,734.0,860.7688201378687,862.0,903.3902948248206,904.0,1017.878613766321,1018.0,1028.817700861341,1
135,5760,23.0,46.877624976269544,,,47.0,138.22626818068602,143.0,305.0451929254532,347.0,476.8746139694076,478.0,516.5931879828477,517.0,623.7701597201967,624.0,634.2512829172938,1
136,5760,23.0,46.877624976269544,,,47.0,138.22626818068602,143.0,305.0451929254532,358.0,485.3650827693018,487.0,526.3417543327323,527.0,632.7321378662664,633.0,643.1234484638244,1
137,5760,23.0,47.85687239304934,,,48.0,166.8073554374596,178.0,220.53233548109438,238.0,362.47225918221466,364.0,403.65678168129944,404.0,513.1084755707061,514.0,524.5160568000092,1
138,5760,23.0,47.85687239304934,,,48.0,166.8073554374596,178.0,220.53233548109438,238.0,361.7248765755021,363.0,402.0444597003452,403.0,513.7015812289601,514.0,524.0582050158318,1
139,5760,24.0,47.899414535457254,,,48.0,259.86473096984446,267.0,302.931173872169,332.0,459.5852460683227,463.0,498.27716181228425,499.0,608.0248918672632,609.0,619.6072839223552,1
140,5760,24.0,47.40529186733784,,,48.0,124.88560762387351,137.0,196.47680434307858,219.0,345.2899204261048,347.0,387.369142657607,388.0,493.51144814265444,494.0,505.2226765308578,1
141,5760,24.0,47.8988509044475,,,72.0,147.6680113852981,150.0,297.94269214312044,308.0,432.9548141178366,434.0,470.34447994678067,471.0,578.0396262522008,579.0,590.0030612451701,1
142,5760,24.0,47.8988509044475,,,72.0,147.6680113852981,150.0,297.94269214312044,308.0,435.08379539006546,437.0,476.1069214378349,477.0,582.317303787072,583.0,593.9337250382678,1
143,5760,24.0,49.84637908615878,,,73.0,246.5729613767935,248.0,284.39696488602385,298.0,426.33777915392693,428.0,465.47316814778515,466.0,574.6092930864443,575.0,585.6457575559707,1
144,5760,24.0,123.35113897786414,,,125.0,221.38610344435074,229.0,354.4542909135307,368.0,493.46706699522474,502.0,540.8406477922135,541.0,652.5772056414162,653.0,663.5211246485196,1
145,5760,24.0,123.35113897786414,,,125.0,221.38610344435074,229.0,354.4542909135307,375.0,500.9924110726952,507.0,544.3743437567737,545.0,651.5605338620207,652.0,663.7128016336073,1
146,5760,26.0,343.23038949691,,,347.0,398.8226404977095,403.0,522.5594785918456,538.0,666.8418346433409,668.0,703.9100831842034,704.0,810.0721282384875,811.0,821.6568605532184,1
147,5760,26.0,343.23038949691,,,347.0,398.8226404977095,403.0,522.5594785918456,545.0,677.344428785088,679.0,717.221312980404,718.0,825.5303342925736,826.0,836.4841259128289,1
148,5760,46.0,325.3270303970867,,,327.0,590.8600455450551,592.0,683.5098321769283,741.0,865.2321708897671,877.0,916.445263383157,917.0,1024.653999723867,1025.0,1035.2704826623412,1
149,5760,46.0,325.3270303970867,,,327.0,590.8600455450551,592.0,683.5098321769283,748.0,875.6740575136,881.0,926.4908559079604,927.0,1034.3886274812112,1035.0,1046.699210930482,1
150,7200,0.0,27.049909496028704,,,28.0,97.83397658558351,118.0,199.70268187254442,218.0,343.81771845709045,368.0,405.79324029943655,406.0,515.600138723602,516.0,526.6759163355664,1
151,7200,0.0,27.049909496028704,,,28.0,97.83397658558351,118.0,199.70268187254442,238.0,366.13849412675336,385.0,421.589399741094,422.0,528.1997538778078,529.0,539.6323786114444,1
152,7200,0.0,23.2552194921509,,,24.0,69.84455712052477,70.0,588.9037057748355,620.0,749.1857832843989,751.0,787.90519505878,788.0,894.1034737597838,895.0,906.6193202283803,1
153,7200,0.0,23.2552194921509,,,24.0,69.84455712052477,70.0,588.9037057748355,627.0,749.6925524344306,760.0,796.9850896546031,797.0,909.7669623529519,910.0,920.2159032906211,1
154,7200,0.0,24.48043248673821,,,25.0,93.67465070650996,94.0,119.04905384666745,145.0,268.93419459297274,288.0,323.7442611772922,324.0,427.85152065502007,428.0,438.5414001228992,1
155,7200,0.0,24.48043248673821,,,25.0,93.67465070650996,94.0,119.04905384666745,158.0,286.52769295314283,322.0,359.9797633545777,360.0,467.2473817851687,468.0,479.65550655446714,1
156,7200,0.0,22.635073220778395,23.0,80.53264780240261,,,88.0,116.5943705567961,128.0,253.45368533675537,255.0,292.52124534808627,293.0,402.16644859589087,403.0,414.00181289752436,1
157,7200,0.0,22.635073220778395,23.0,80.53264780240261,,,88.0,116.5943705567961,138.0,265.9536997848809,267.0,303.30126397338245,304.0,409.83112118116605,410.0,420.6744451804816,1
158,7200,0.0,24.846004830475977,,,25.0,95.03958454050644,96.0,121.24829142667295,138.0,265.90922921760193,267.0,302.4895784292603,303.0,409.9026163499566,410.0,420.15908120814584,1
159,7200,0.0,23.404447191634063,,,24.0,72.22860597755789,77.0,146.2411710318538,198.0,320.7033787873288,331.0,370.06008108333754,371.0,478.1905532093906,479.0,489.4859180481535,1
160,7200,0.0,26.800716719328193,,,27.0,155.07833981049316,156.0,253.90852742727202,272.0,403.21618068077714,405.0,442.55304210956365,443.0,547.5063547947002,548.0,558.9167602369344,1
161,7200,0.0,26.800716719328193,,,27.0,155.07833981049316,156.0,253.90852742727202,328.0,453.5137626637479,455.0,491.49393970587425,492.0,598.069807439766,599.0,609.6059699337029,1
162,7200,0.0,24.4111341969583,,,25.0,145.30529481403846,146.0,248.8487047423714,265.0,389.6296197905467,453.0,490.64638177921097,491.0,600.0264121580367,601.0,612.8316811523218,1
163,7200,0.0,24.169353158669765,,,25.0,291.81490373339057,297.0,529.4743634156221,548.0,670.6506987684688,688.0,726.6449556638008,727.0,831.5990306496496,832.0,843.6679768930453,1
164,7200,0.0,24.169353158669765,,,25.0,291.81490373339057,297.0,529.4743634156221,556.0,686.0604773974856,688.0,724.8414841016538,725.0,837.467335847351,838.0,848.1318658219006,1
165,7200,23.0,45.459102833862744,,,46.0,728.1204146799628,736.0,761.7870813488935,786.0,910.2548147459893,912.0,947.0899779926158,948.0,1051.9793371072792,1052.0,1063.3050829114745,1
166,7200,23.0,45.459102833862744,,,46.0,728.1204146799628,736.0,761.7870813488935,793.0,919.333270626088,921.0,958.4633643229517,961.0,1079.9017275662463,1080.0,1450.5991711613133,1
167,7200,23.0,49.26833826691836,,,70.0,162.24067734262735,198.0,227.74480982271962,258.0,388.9831525441514,390.0,425.6478803186974,426.0,534.519032907483,535.0,546.5124880103594,1
168,7200,24.0,46.60669877370856,,,47.0,349.33493547519083,368.0,534.2085590510087,563.0,693.2127597602339,695.0,731.6525362970979,732.0,838.005977846401,839.0,851.0818606752373,1
169,7200,24.0,228.41239165924162,,,230.0,395.71299237453786,458.0,517.2951571064677,528.0,658.2931925103476,660.0,695.8898636934309,696.0,805.5765776842627,806.0,817.00746419795,1
170,7200,24.0,228.41239165924162,,,230.0,395.71299237453786,458.0,517.2951571064677,528.0,654.7899295148318,656.0,694.1490330079869,695.0,804.6993373621317,805.0,816.5881544603326,1
171,7200,25.0,48.87350692718519,,,77.0,135.1576880699322,143.0,318.3583266886544,335.0,462.0482816167687,472.0,508.5754974399688,509.0,618.8774912736317,619.0,629.7475687152328,1
172,7200,25.0,48.87350692718519,,,77.0,135.1576880699322,143.0,318.3583266886544,342.0,470.84422576549605,477.0,512.9875519699362,513.0,625.1298195839645,626.0,636.2988876031213,1
173,7200,27.0,75.62297369945645,83.0,548.2813405931502,,,581.0,675.8851923578277,695.0,820.1464676689711,829.0,864.5436233023947,865.0,970.9637971323982,971.0,981.407648076357,1
174,7200,27.0,75.62297369945645,83.0,548.2813405931502,,,581.0,675.8851923578277,702.0,827.1631952296493,834.0,869.962965850973,870.0,981.501505544029,982.0,994.1627804480122,1
175,7200,46.0,70.75674564840301,88.0,335.14611059403614,,,336.0,369.3201974315434,388.0,512.8640482418632,514.0,549.754055218008,550.0,658.1456286405346,659.0,669.3621459798869,1
176,7200,46.0,70.75674564840301,88.0,335.14611059403614,,,336.0,369.3201974315434,388.0,514.8523471386043,516.0,552.1735240077087,553.0,664.4095801634548,665.0,675.1371115907759,1
177,7200,46.0,74.28333809034211,,,91.0,587.6093650273579,635.0,671.4257561161558,744.0,871.9043638212643,873.0,911.342703709669,912.0,1017.0347092020456,1018.0,1028.4194573613422,1
178,7200,46.0,74.28333809034211,,,91.0,587.6093650273579,635.0,671.4257561161558,751.0,874.1355445027793,876.0,911.7472106699779,912.0,1025.7365282656974,1026.0,1036.0643882219392,1
179,7200,47.0,70.62985671257775,94.0,268.88824828777706,,,271.0,580.0442580996832,599.0,722.0410183167605,735.0,773.7614194083335,774.0,878.4174475004102,879.0,889.8461964845865,1
180,7200,47.0,70.62985671257775,94.0,268.88824828777706,,,271.0,580.0442580996832,606.0,733.3082120023482,738.0,776.2814033378845,777.0,886.920303533223,887.0,898.438998112355,1
181,7200,48.0,70.68620385000213,,,94.0,428.0695387048572,530.0,588.5461465680683,641.0,772.3697620668509,777.0,815.8488275050959,816.0,926.5571301820619,927.0,938.7026579400899,1
182,7200,48.0,70.68620385000213,,,94.0,428.0695387048572,530.0,588.5461465680683,648.0,775.4915031703968,816.0,852.3986365791225,853.0,960.6784998959001,961.0,971.7274297768545,1
183,7200,49.0,325.5961091835916,326.0,382.55496070344634,,,390.0,707.6837350399319,793.0,919.5542706925507,921.0,958.292691492763,961.0,1071.045516462942,1072.0,1083.3879567859458,1
184,8640,0.0,25.735434382217136,,,26.0,90.42418126125995,93.0,279.5211887029218,305.0,432.28726628727964,439.0,476.9218874315793,477.0,582.01084034839,583.0,593.0248350073689,1
185,8640,0.0,25.735434382217136,,,26.0,90.42418126125995,93.0,279.5211887029218,312.0,437.0044462989554,444.0,479.89813496058196,480.0,587.9598536219528,588.0,598.1087942772083,1
186,8640,0.0,22.550196978012536,23.0,80.64543031104768,,,81.0,119.8689590191916,139.0,262.08460577749247,264.0,300.97478834839603,301.0,408.5207295545588,409.0,419.61583826457536,1
187,8640,0.0,22.550196978012536,23.0,80.64543031104768,,,81.0,119.8689590191916,158.0,288.03758726130764,290.0,326.62318716136906,327.0,436.6372512074249,437.0,460.35951879491586,1
188,8640,0.0,24.8413565664232,,,25.0,143.48605294259687,146.0,257.29879981216254,273.0,395.3817886562283,397.0,434.737183984711,435.0,543.2824984753279,544.0,554.652325409872,1
189,8640,0.0,24.8413565664232,,,25.0,143.48605294259687,146.0,257.29879981216254,288.0,413.1494541819793,415.0,452.22796148495763,453.0,558.5499173032385,559.0,570.6559361102445,1
190,8640,0.0,24.657722959533203,,,25.0,99.85392942272665,100.0,150.5867727531404,168.0,291.18695956464035,366.0,402.7810876587082,403.0,507.80161082570703,508.0,519.2147497996466,1
191,8640,0.0,24.657722959533203,,,25.0,99.85392942272665,100.0,150.5867727531404,238.0,364.0200452869303,372.0,409.71144421738245,410.0,514.6145266499552,515.0,526.9872048473717,1
192,8640,0.0,23.20566137262358,,,24.0,69.11887813208523,72.0,101.53037999823573,119.0,246.1068765148957,290.0,325.67361154872015,326.0,434.7384261331463,435.0,462.7354286609898,1
193,8640,0.0,22.914388517367115,23.0,266.98985261047164,,,267.0,294.39409752395295,319.0,442.1954936173952,448.0,483.41447374159907,484.0,591.7569958477507,592.0,603.2580779230011,1
194,8640,0.0,25.098612566202064,,,26.0,94.2881131058366,95.0,346.2100836999816,362.0,488.23194875031186,503.0,541.884882579312,542.0,651.2614346986265,652.0,663.0050484717121,1
195,8640,0.0,25.098612566202064,,,26.0,94.2881131058366,95.0,346.2100836999816,369.0,501.38277897228727,513.0,549.3658712379347,550.0,656.0321553096692,657.0,667.2928491708681,1
196,8640,0.0,25.447421477700118,,,26.0,588.6984386971089,589.0,619.7740562585968,638.0,764.3517753673696,766.0,802.7459754924148,803.0,913.4903968325489,914.0,925.8472994166095,1
197,8640,0.0,25.447421477700118,,,26.0,588.6984386971089,589.0,619.7740562585968,658.0,780.409665350584,782.0,820.3114698215195,821.0,926.2715356711542,927.0,937.8082433301333,1
198,8640,0.0,24.21512579602131,,,25.0,139.05404525847734,142.0,228.95128328730243,245.0,371.64807788662256,373.0,411.71857540067685,412.0,518.6891592359498,519.0,529.590026004249,1
199,8640,23.0,47.07482352504485,,,48.0,311.73277534598856,312.0,339.2381845888085,388.0,511.9018271172554,519.0,556.7101505669762,557.0,665.0609700240293,666.0,677.065938559761,1
200,8640,24.0,46.51227978846691,,,47.0,590.3705589143938,596.0,639.8809967740835,665.0,788.3540961622093,813.0,850.4231796585882,851.0,956.9091982665468,957.0,969.0980733559172,1
201,8640,24.0,46.51227978846691,,,47.0,590.3705589143938,596.0,639.8809967740835,688.0,811.9506256267177,823.0,858.1529561081588,859.0,967.0379714576611,968.0,979.7010066774328,1
202,8640,24.0,49.77682959791491,,,72.0,151.12626808644382,166.0,226.5228624670508,266.0,393.23553418348456,395.0,433.0716060341183,434.0,544.8316115765083,545.0,555.1584385539372,1
203,8640,24.0,49.77682959791491,,,72.0,151.12626808644382,166.0,226.5228624670508,266.0,395.2761461825139,422.0,461.7528937137722,462.0,567.6416057927781,568.0,578.1594708306184,1
204,8640,25.0,48.25378527142857,,,74.0,150.02288743531972,151.0,228.81067229690416,252.0,379.97577128276316,386.0,422.42640604014923,423.0,528.21477888554,529.0,541.2963731854961,1
205,8640,26.0,50.72217648616788,82.0,600.3957888030109,,,618.0,675.8817799239223,704.0,835.5328777927116,842.0,879.6178263501133,880.0,987.5975592804407,988.0,998.4550474833613,1
206,8640,26.0,50.72217648616788,82.0,600.3957888030109,,,618.0,675.8817799239223,711.0,840.5488368523656,843.0,879.2772825347311,880.0,983.9353419018007,984.0,994.0163166355142,1
207,8640,47.0,240.96597411789298,,,241.0,589.3903587743807,590.0,673.5873420453645,696.0,821.6165460474713,823.0,858.6396571111145,859.0,965.0792348602154,966.0,978.1486379999424,1
208,8640,48.0,70.57422887010216,,,97.0,570.080408050082,580.0,711.9906238523163,757.0,883.2833576774865,885.0,922.9293791296423,923.0,1033.6173792327772,1034.0,1044.8883902064226,1
209,8640,48.0,70.57422887010216,,,97.0,570.080408050082,580.0,711.9906238523163,764.0,893.1713345359349,895.0,935.5804229394944,936.0,1045.8375235330423,1046.0,1057.8639440606785,1
210,8640,48.0,222.8880270329173,,,227.0,279.22108389822097,285.0,309.4662052597905,329.0,456.4204610634133,477.0,512.5464415562965,513.0,617.556063141019,618.0,628.8921915962001,1
211,8640,48.0,222.8880270329173,,,227.0,279.22108389822097,285.0,309.4662052597905,348.0,475.1211774885469,483.0,520.3209787942305,521.0,626.3714956851491,627.0,637.7081260054147,1
212,8640,49.0,71.20546164108782,,,124.0,375.7530772400387,388.0,597.5415646056372,608.0,738.2400289145735,740.0,777.4261916636679,778.0,887.1605988307074,888.0,899.2047296588953,1
213,8640,49.0,71.20546164108782,,,124.0,375.7530772400387,388.0,597.5415646056372,608.0,732.923145603947,734.0,771.2588502381113,772.0,878.8458652353875,879.0,889.6767448821956,1
214,8640,50.0,95.04347926085393,,,131.0,240.05963982112735,244.0,272.05773101039995,298.0,420.94506368561633,429.0,469.74376241161553,470.0,573.7592419065313,574.0,585.6910829983844,1
215,8640,50.0,72.53800018305446,,,140.0,405.5130883583188,410.0,454.9807811953651,469.0,595.017470001867,604.0,640.4299171408602,641.0,750.6514138926814,751.0,761.0375953364364,1
216,8640,50.0,72.53800018305446,,,140.0,405.5130883583188,410.0,454.9807811953651,476.0,602.2186270989314,608.0,645.0397510448183,646.0,754.2556127459284,755.0,765.5014733886619,1
217,10080,0.0,22.789498723299403,23.0,83.22307173996705,,,84.0,108.94705281312235,118.0,242.5390101857247,244.0,280.85770075728215,281.0,390.9979543999016,391.0,401.60273498313836,1
218,10080,0.0,22.789498723299403,23.0,83.22307173996705,,,84.0,108.94705281312235,118.0,248.73481498221736,250.0,289.22588436791375,290.0,394.23145939664573,395.0,405.24534327891524,1
219,10080,0.0,22.326835833951918,23.0,89.35537871679844,,,93.0,178.30212034424403,188.0,312.68653116106,322.0,358.5742608771052,359.0,464.539868739279,465.0,475.6981829416891,1
220,10080,0.0,22.326835833951918,23.0,89.35537871679844,,,93.0,178.30212034424403,198.0,320.85347980459846,343.0,380.14661375198193,381.0,485.7102808468044,486.0,497.1680251831167,1
221,10080,0.0,23.902684964981745,,,24.0,70.28418644345584,71.0,565.844962463223,592.0,714.9063699060207,716.0,753.623266300001,754.0,859.5495953429308,860.0,871.4487919867715,1
222,10080,0.0,23.902684964981745,,,24.0,70.28418644345584,71.0,565.844962463223,599.0,726.1706892026905,728.0,763.9391557857962,764.0,870.8732550239129,871.0,882.161840042003,1
223,10080,0.0,24.391502200987816,,,25.0,117.42521567576296,121.0,301.20861918944865,319.0,444.94341606006674,446.0,487.74323361224015,488.0,595.3425444501954,596.0,606.0620670185926,1
224,10080,0.0,24.391502200987816,,,25.0,117.42521567576296,121.0,301.20861918944865,328.0,451.3405927953627,453.0,489.25631842425537,490.0,594.024244077762,595.0,606.7116159845446,1
225,10080,0.0,24.229323711109828,,,25.0,93.30083711110274,102.0,187.19979821004017,218.0,344.22605914935775,346.0,382.0982714016882,383.0,487.72603710766634,488.0,499.59759838358696,1
226,10080,0.0,23.165900558960857,,,24.0,265.77275750267836,268.0,294.4743966627939,308.0,432.2018061019644,454.0,493.8509328937289,494.0,603.1544950695388,604.0,616.2704091332653,1
227,10080,0.0,25.527479426609716,,,26.0,77.09074926726498,78.0,322.15241376684025,342.0,472.34675285790036,474.0,509.7393451885291,510.0,614.8956627169318,615.0,625.2803576225724,1
228,10080,0.0,25.527479426609716,,,26.0,77.09074926726498,78.0,322.15241376684025,358.0,488.45500700645243,490.0,526.0227548398652,527.0,638.7864454438477,639.0,651.4656939802426,1
229,10080,23.0,46.96088407802563,,,47.0,342.10594484494686,345.0,382.6384219920619,398.0,522.6610003608766,524.0,559.6658213065584,560.0,666.3672559550378,667.0,677.5640814256603,1
230,10080,23.0,46.96088407802563,,,47.0,342.10594484494686,345.0,382.6384219920619,398.0,522.0282647878976,524.0,561.3724576547993,562.0,667.5503526628254,668.0,679.2289905196358,1
231,10080,23.0,45.88619591933639,,,46.0,428.5015768179983,448.0,529.9137861904219,552.0,675.6150739832847,677.0,714.3050609925722,715.0,822.2999794386833,823.0,833.4894955269956,1
232,10080,23.0,45.88619591933639,,,46.0,428.5015768179983,448.0,529.9137861904219,552.0,678.5220023935817,680.0,716.8551534546368,717.0,826.3777378964114,827.0,837.3897060182826,1
233,10080,23.0,45.430929487401954,,,46.0,152.85124109597018,153.0,200.69865352363377,226.0,351.69598434804357,365.0,402.0805247320168,403.0,509.4330631027915,510.0,520.6884246475875,1
234,10080,23.0,45.430929487401954,,,46.0,152.85124109597018,153.0,200.69865352363377,234.0,363.7112844774656,383.0,418.86632262123567,419.0,524.7707727803918,525.0,536.1101155569886,1
235,10080,23.0,46.782862708909306,,,47.0,136.9950192270244,140.0,680.3200622976528,709.0,833.8037165549922,835.0,870.9620825068632,871.0,980.4605046293509,981.0,991.0162298877822,1
236,10080,23.0,46.782862708909306,,,47.0,136.9950192270244,140.0,680.3200622976528,709.0,837.6776026118878,839.0,877.8574450133365,878.0,983.0047088875272,984.0,995.3077358820774,1
237,10080,24.0,49.07059307509189,,,70.0,125.72468110655609,131.0,247.42550302543532,258.0,383.2879190644744,385.0,420.55410994194244,421.0,528.1138760730155,529.0,539.3831637655676,1
238,10080,24.0,347.65201978734694,,,348.0,397.4491119381437,398.0,459.04023573634913,484.0,616.295060520155,618.0,657.4095299844903,658.0,762.1388744721426,763.0,773.8564097467151,1
239,10080,24.0,347.65201978734694,,,348.0,397.4491119381437,398.0,459.04023573634913,491.0,615.1919237557286,653.0,690.6752579410986,691.0,796.9052667526648,797.0,808.0246280856991,1
240,10080,24.0,46.768137657454645,,,47.0,552.0096010026791,560.0,622.5917897891413,638.0,768.9558110806538,770.0,805.6142966031675,806.0,913.0247412296376,914.0,925.4538278380405,1
241,10080,24.0,46.768137657454645,,,47.0,552.0096010026791,560.0,622.5917897891413,645.0,769.848453215347,771.0,807.1534924352491,808.0,915.4593794811681,916.0,928.3360027093531,1
242,10080,25.0,49.008285072450235,,,76.0,258.4327052198769,259.0,589.8863519756796,608.0,736.0111503752341,770.0,808.1613002893791,809.0,912.8979219024677,913.0,923.5127569636879,1
243,10080,46.0,68.21570357621022,84.0,359.05354861869273,,,365.0,447.5833218711414,477.0,602.8010164809148,604.0,640.8962266706967,641.0,748.3586947378571,749.0,759.5079415638629,1
244,10080,46.0,68.21570357621022,84.0,359.05354861869273,,,365.0,447.5833218711414,477.0,604.9428985762879,606.0,643.9169759220422,644.0,749.5572633786069,750.0,760.0043882078844,1
245,11520,0.0,22.74480791204951,23.0,81.37600099795236,,,82.0,106.99737050172916,118.0,243.43786665084008,245.0,280.06516647438366,281.0,386.8322761932268,387.0,397.0505253279225,1
246,11520,0.0,22.74480791204951,23.0,81.37600099795236,,,82.0,106.99737050172916,118.0,245.90412980559267,247.0,282.76192268780324,283.0,388.5502438916483,389.0,399.094498467879,1
247,11520,0.0,22.940633148753477,23.0,82.40498628486966,,,85.0,111.41222160853249,128.0,256.3066383871774,270.0,306.2210250296521,307.0,411.9680333712604,412.0,422.95249859910473,1
248,11520,0.0,22.940633148753477,23.0,82.40498628486966,,,85.0,111.41222160853249,138.0,268.64177346984616,284.0,320.1295407472535,321.0,427.9429596089685,428.0,438.16825868245724,1
249,11520,0.0,23.224104354987503,,,24.0,90.26728878200447,93.0,119.2784436392576,158.0,282.9052181999432,289.0,328.62717877931755,329.0,434.5898562812072,435.0,445.4758721517246,1
250,11520,0.0,25.851516060645736,,,26.0,266.80013793338367,272.0,301.9142983492766,326.0,454.5523541252642,456.0,494.815820124988,495.0,599.907605761995,600.0,610.2185949569739,1
251,11520,0.0,25.851516060645736,,,26.0,266.80013793338367,272.0,301.9142983492766,326.0,448.99786116807445,450.0,487.97725267110945,488.0,593.0493011123253,594.0,605.3418858108307,1
252,11520,0.0,26.028609887767743,,,27.0,382.8679462191885,383.0,505.13246425008765,532.0,656.6289860749675,665.0,700.3900122870728,701.0,808.4207000086753,809.0,821.142251013327,1
253,11520,0.0,26.028609887767743,,,27.0,382.8679462191885,383.0,505.13246425008765,539.0,663.5316172419225,674.0,709.1451302293153,710.0,817.6632094485703,818.0,828.8996738531387,1
254,11520,0.0,22.76946324034725,,,23.0,70.31395866005187,71.0,97.82216629747381,108.0,230.62174152444095,232.0,267.29701494699293,268.0,377.15744784580056,378.0,389.37876580786724,1
255,11520,0.0,23.037195729444647,,,24.0,588.2611466629241,589.0,692.3215611903051,711.0,836.0746758800706,838.0,875.8081189940021,876.0,985.9835830225657,986.0,998.1400896127088,1
256,11520,0.0,23.037195729444647,,,24.0,588.2611466629241,589.0,692.3215611903051,718.0,844.2453780298274,846.0,882.3248137795636,883.0,993.9032157745314,994.0,1004.3058725082465,1
257,11520,23.0,45.15332044932802,,,46.0,99.66087852784949,131.0,201.37675268273597,232.0,355.17011476303924,357.0,395.62686249092076,396.0,502.0067708575025,503.0,514.5169639178948,1
258,11520,23.0,45.15332044932802,,,46.0,99.66087852784949,131.0,201.37675268273597,232.0,360.5589691572477,362.0,399.23604408348,400.0,506.18730487758694,507.0,517.1141939041227,1
259,11520,23.0,45.72253386288139,,,46.0,591.3136418704271,592.0,689.9408164114611,725.0,851.2750154811238,863.0,897.8544821420983,898.0,1006.9227447080157,1007.0,1017.1270648653008,1
260,11520,23.0,45.72253386288139,,,46.0,591.3136418704271,592.0,689.9408164114611,732.0,861.3699127867985,864.0,901.4011763165217,902.0,1011.4862231961579,1012.0,1023.8527497192572,1
261,11520,23.0,47.33798741346072,,,48.0,137.2250996109069,141.0,199.48075586051527,225.0,349.9898444267128,351.0,386.81013778052875,387.0,490.30170938371884,491.0,502.2233726245777,1
262,11520,23.0,47.265443825290276,,,48.0,385.79222874664265,398.0,505.41867485124203,525.0,655.5587644903353,657.0,695.194874576262,696.0,801.995498699398,802.0,812.1550799657925,1
263,11520,23.0,47.265443825290276,,,48.0,385.79222874664265,398.0,505.41867485124203,525.0,648.8743209868007,650.0,687.6943187554589,688.0,800.4476047256212,801.0,812.3028896529413,1
264,11520,24.0,48.48752971111935,,,71.0,165.25980623145006,207.0,233.93719267956294,248.0,374.6032224431365,376.0,411.30303246900803,412.0,517.0427194903859,518.0,529.2831412488977,1
265,11520,24.0,48.48752971111935,,,71.0,165.25980623145006,207.0,233.93719267956294,289.0,422.4398662907879,424.0,462.6857350764785,463.0,568.9252831858612,569.0,580.9028357650532,1
266,11520,24.0,47.27210475385618,,,73.0,251.63125179834606,252.0,276.47235159285447,289.0,418.42503495525125,420.0,455.95181404911636,456.0,564.6944330763581,565.0,575.299691275186,1
267,11520,25.0,49.39129445691469,82.0,666.9647838999026,,,692.0,716.9543852916104,739.0,864.5740209614069,866.0,903.6881858886773,904.0,1012.2380182209054,1013.0,1023.422567401416,1
268,11520,46.0,71.60860969807436,,,91.0,142.17261383436744,145.0,590.7740345899019,608.0,730.9327188003208,741.0,776.8884394413726,777.0,882.6586826835992,883.0,893.0192742902691,1
269,11520,46.0,71.60860969807436,,,91.0,142.17261383436744,145.0,590.7740345899019,615.0,739.2215697618467,746.0,784.2372523816102,785.0,907.5178021017564,908.0,918.2231775029777,1
270,11520,48.0,70.0005798407692,,,94.0,272.4123713656336,286.0,312.73346756051797,333.0,457.58067943835886,466.0,503.8755161775898,504.0,609.3070557359024,610.0,621.1613128617282,1
271,11520,48.0,70.0005798407692,,,94.0,272.4123713656336,286.0,312.73346756051797,340.0,464.7945779160218,476.0,511.3371056776614,512.0,618.3330180175617,619.0,629.7012283006698,1
272,12960,0.0,22.853890196160137,23.0,84.72358992013687,,,85.0,152.2311931383083,189.0,314.5972321066729,316.0,352.35914175978724,353.0,457.8559042057477,458.0,476.08020855637733,1
273,12960,0.0,22.853890196160137,23.0,84.72358992013687,,,85.0,152.2311931383083,189.0,316.26051857129823,318.0,353.0658925630305,354.0,461.2660958039396,462.0,474.92687115109584,1
274,12960,0.0,24.414090233109164,,,25.0,373.0460089212538,376.0,466.3590289329095,498.0,621.507597683918,623.0,659.6586174151216,660.0,763.4440234629965,764.0,775.5898353225784,1
275,12960,0.0,24.414090233109164,,,25.0,373.0460089212538,376.0,466.3590289329095,498.0,627.8139324721105,629.0,664.9556470990956,665.0,770.9622897643712,771.0,782.0287655979482,1
276,12960,0.0,22.628716724708283,23.0,85.20649376767687,,,91.0,567.7765333418756,606.0,734.9995254091828,736.0,773.0117521912252,774.0,878.344292230011,879.0,889.5993223937166,1
277,12960,0.0,22.628716724708283,23.0,85.20649376767687,,,91.0,567.7765333418756,606.0,729.4068621208589,731.0,766.7806579510288,767.0,873.8157324707354,874.0,885.5266477476234,1
278,12960,0.0,23.662976435856763,,,24.0,71.59551987956547,74.0,99.10526162649512,118.0,243.95747748430222,308.0,343.3840969359135,344.0,451.9453818490092,452.0,462.2179180104031,1
279,12960,0.0,26.336361237434176,,,27.0,586.4338501851635,587.0,689.0075789006169,757.0,882.7400162235608,884.0,923.4665747556264,924.0,1032.3586019572358,1033.0,1043.6030602440842,1
280,12960,0.0,26.336361237434176,,,27.0,586.4338501851635,587.0,689.0075789006169,757.0,887.7846916738581,889.0,934.7337629580579,935.0,1040.1433642629781,1041.0,1051.0887043763341,1
281,12960,0.0,26.39871922211205,,,27.0,162.78975270552291,204.0,240.23495734696553,258.0,383.6958949391719,392.0,427.1214426266506,428.0,536.3413158224939,537.0,547.952350194937,1
282,12960,0.0,26.39871922211205,,,27.0,162.78975270552291,204.0,240.23495734696553,265.0,390.00849018922054,397.0,433.4888413275912,434.0,538.5356750649335,539.0,549.1034314145454,1
283,12960,0.0,25.392457184199884,,,26.0,115.13741230496271,128.0,251.0147814922566,272.0,395.65992272781114,406.0,441.50969896724564,442.0,550.4327651434251,551.0,561.1446371847796,1
284,12960,0.0,23.817294842840056,,,24.0,276.19754688133435,278.0,313.6483086240369,328.0,450.77896821009017,452.0,489.8782482784027,490.0,596.3450673058178,597.0,608.0467265412772,1
285,12960,0.0,23.817294842840056,,,24.0,276.19754688133435,278.0,313.6483086240369,328.0,456.63118633668273,458.0,493.9423816637318,494.0,602.0629990445213,603.0,614.9423487856657,1
286,12960,23.0,46.59914398006367,,,47.0,300.1097758789474,301.0,334.3275134045962,349.0,474.1650578670942,476.0,515.7924858140977,516.0,624.0043320982077,625.0,636.4113939470353,1
287,12960,23.0,46.59914398006367,,,47.0,300.1097758789474,301.0,334.3275134045962,349.0,473.0023663223237,475.0,513.554340487266,514.0,620.9797075168026,621.0,631.7381005182269,1
288,12960,23.0,47.91882841619736,,,48.0,97.45892050449038,102.0,199.11489349483963,218.0,346.50750499817696,348.0,383.89182271852405,384.0,492.6140397459603,493.0,503.59692854662535,1
289,12960,23.0,47.91882841619736,,,48.0,97.45892050449038,102.0,199.11489349483963,218.0,345.56244341538513,347.0,383.6965915609653,384.0,489.10067926134616,490.0,500.350784137363,1
290,12960,23.0,47.94132160575464,,,69.0,132.6136720983577,143.0,693.4694859695774,728.0,852.7594493221532,854.0,891.748250421575,892.0,998.197386033893,999.0,1010.0468175529113,1
291,12960,23.0,47.94132160575464,,,69.0,132.6136720983577,143.0,693.4694859695774,736.0,860.4405700742955,862.0,901.5998440478015,902.0,1015.9219628983501,1016.0,1027.5780738021786,1
292,12960,23.0,46.825338752765674,,,47.0,254.22790256573717,255.0,312.1282064134484,335.0,463.4169972168693,472.0,508.1601487767239,509.0,615.4657949921857,616.0,627.1076795247918,1
293,12960,24.0,47.1811894038201,,,72.0,262.27727370092,263.0,694.3883049321466,736.0,862.4699297434763,864.0,901.5294173960301,902.0,1016.4873170984811,1017.0,1027.0716113411345,1
294,12960,26.0,48.62284924771484,,,79.0,161.11677585381767,162.0,566.3904005595723,585.0,710.9537495931963,712.0,748.6495995143923,749.0,855.3629966375265,856.0,866.2493488966084,1
295,12960,26.0,48.62284924771484,,,79.0,161.11677585381767,162.0,566.3904005595723,585.0,709.0112853365154,711.0,746.4212494664916,747.0,854.0731373818908,855.0,867.2266626741894,1
296,12960,27.0,117.53799953873022,,,128.0,232.26574958793026,235.0,275.751871667906,288.0,416.11738352686007,427.0,464.29488020459394,465.0,570.7632490710494,571.0,581.3244021188893,1
297,12960,46.0,68.40445389258821,,,94.0,146.37212258470754,148.0,188.780309286969,205.0,328.9210908875648,330.0,366.18954410427614,367.0,475.303996388473,476.0,487.2600082787121,1
298,14400,0.0,22.587384501923225,23.0,598.8412680265301,,,599.0,634.2066041432099,677.0,804.6087819611457,806.0,843.5595377235477,844.0,948.9036157533919,949.0,959.3113635606242,1
299,14400,0.0,22.587384501923225,23.0,598.8412680265301,,,599.0,634.2066041432099,677.0,800.673380136297,802.0,838.6448479208302,839.0,951.658951103529,952.0,962.3179577021237,1
300,14400,0.0,23.83600446385026,,,24.0,74.92595866440934,84.0,109.83612779928626,128.0,258.31113334123074,316.0,351.18856054155367,352.0,459.53663642321226,460.0,470.6404186688487,1
301,14400,0.0,23.83600446385026,,,24.0,74.92595866440934,84.0,109.83612779928626,189.0,314.19403576445256,321.0,358.9043123605479,359.0,464.96199820546644,465.0,475.4842733426576,1
302,14400,0.0,26.60667943052249,,,27.0,95.26391052391409,100.0,172.29769937526908,196.0,319.1660554013779,326.0,361.35683487262395,362.0,468.12212427274244,469.0,479.87147817664663,1
303,14400,0.0,23.02189398513474,,,24.0,72.59518973197555,73.0,235.5595361071173,248.0,378.90313224009697,380.0,417.6229812962647,418.0,522.7926396169096,523.0,533.2401270545361,1
304,14400,0.0,23.02189398513474,,,24.0,72.59518973197555,73.0,235.5595361071173,278.0,406.0466118205368,408.0,446.8507735655603,447.0,554.229020298375,555.0,567.3030826848244,1
305,14400,0.0,22.75486900386022,23.0,83.99910996813014,,,95.0,187.397866227946,203.0,327.2356936505603,345.0,382.157541730865,383.0,493.80701384821623,494.0,504.64196246378015,1
306,14400,0.0,22.75486900386022,23.0,83.99910996813014,,,95.0,187.397866227946,218.0,343.05088266402345,352.0,388.620065376037,389.0,498.8027601821668,499.0,509.06284012542164,1
307,14400,0.0,24.013102725128192,,,25.0,70.37479959660232,71.0,96.64912876212838,108.0,234.05887108084607,236.0,274.38404769382214,275.0,386.3016374183753,387.0,398.30109235354394,1
308,14400,0.0,24.013102725128192,,,25.0,70.37479959660232,71.0,96.64912876212838,108.0,233.7559137195858,235.0,273.01562478842243,274.0,380.09257503713525,381.0,392.0744918914552,1
309,14400,0.0,26.447107677515305,,,27.0,247.57662837776843,262.0,326.2312768815791,338.0,460.97194438774386,462.0,497.9322542735081,498.0,611.2451517841491,612.0,623.0164529267895,1
310,14400,0.0,26.447107677515305,,,27.0,247.57662837776843,262.0,326.2312768815791,338.0,464.5558242417519,466.0,500.57963623352225,501.0,605.4430880752825,606.0,616.0011250384705,1
311,14400,23.0,48.33606383916958,,,49.0,168.84976153622665,171.0,603.2772157484396,635.0,758.403253245202,779.0,817.0565655774117,818.0,928.9552816962914,929.0,940.8203503427721,1
312,14400,23.0,48.33606383916958,,,49.0,168.84976153622665,171.0,603.2772157484396,648.0,777.1648501952168,782.0,817.8838108127984,818.0,923.2067892789746,924.0,935.2145267426877,1
313,14400,23.0,49.9284882858592,,,69.0,566.1207087572038,573.0,634.5505504115044,662.0,787.2434003824092,796.0,832.1482316694219,833.0,937.1410779532835,938.0,948.1420403240809,1
314,14400,23.0,48.33434187934472,,,49.0,129.72210337585602,130.0,215.77955613113227,235.0,362.8633115568118,406.0,442.4926450189687,443.0,550.8449100362086,551.0,561.0775634400015,1
315,14400,23.0,45.19338405322924,,,46.0,146.93698260144447,148.0,199.08235825420525,228.0,355.15040083445274,357.0,394.30586655107436,395.0,499.22480746428664,500.0,510.70308508732705,1
316,14400,24.0,50.30461667732561,,,71.0,131.56474953979705,141.0,575.7527220920674,592.0,716.2603216715725,730.0,767.5184682594081,768.0,871.7213425910795,872.0,883.3922013465381,1
317,14400,24.0,50.30461667732561,,,71.0,131.56474953979705,141.0,575.7527220920674,599.0,729.44884690252,731.0,767.8401322402042,768.0,878.2691426378224,879.0,895.1356793383584,1
318,14400,25.0,51.715895128221746,,,71.0,556.1688634310249,557.0,600.4140120117663,620.0,748.331035774967,750.0,787.715345431945,788.0,895.6635009052861,896.0,906.8527991807132,1
319,14400,25.0,51.715895128221746,,,71.0,556.1688634310249,557.0,600.4140120117663,628.0,755.0850025451946,757.0,793.4133568624675,794.0,907.2142252010945,908.0,918.2735700673584,1
320,14400,25.0,346.46299738261587,,,347.0,399.4220547310415,437.0,489.6260478879358,515.0,642.0963223669805,644.0,680.2579640911717,681.0,785.8668238845949,786.0,797.3255414091836,1
321,14400,25.0,346.46299738261587,,,347.0,399.4220547310415,437.0,489.6260478879358,528.0,655.0391842638401,657.0,695.2875748895531,696.0,806.4967320570868,807.0,818.6069934837051,1
322,14400,25.0,49.23790786596692,,,71.0,265.7706471095462,271.0,304.69203319644294,318.0,442.14086005022364,444.0,478.7409009299081,479.0,586.668602999529,587.0,597.3830976469653,1
323,14400,25.0,331.7759029258432,,,333.0,378.64769512505154,379.0,459.1763663535512,479.0,604.8175003550095,606.0,643.3441829646326,644.0,749.1361454614234,750.0,760.254105752465,1
324,14400,25.0,331.7759029258432,,,333.0,378.64769512505154,379.0,459.1763663535512,479.0,601.6049636264743,603.0,639.5773460142427,640.0,746.6663198543338,747.0,758.3964546105854,1
325,14400,46.0,68.72439392551678,84.0,695.8890799852015,,,707.0,731.8850894121715,748.0,872.2360222326497,1684.0,1721.1318774870397,1722.0,1831.3224508571511,1832.0,1842.29750360236,1
326,14400,46.0,68.72439392551678,84.0,695.8890799852015,,,707.0,731.8850894121715,1559.0,1682.370035673288,1704.0,1740.3711570566738,1741.0,1846.3567073083632,1847.0,1858.9760781255663,1
327,15840,0.0,22.906625706240447,23.0,346.99624133488214,,,351.0,383.68435099168346,398.0,528.4245401308599,530.0,567.4772162066656,568.0,678.892061309889,679.0,689.2243614829968,1
328,15840,0.0,22.906625706240447,23.0,346.99624133488214,,,351.0,383.68435099168346,398.0,523.0649751574601,525.0,560.6562563511907,561.0,665.5120936585881,666.0,677.5701410135734,1
329,15840,0.0,22.575704087588747,23.0,81.05232906762467,,,83.0,645.4417407521978,665.0,796.4775913602243,800.0,837.3192733312317,838.0,946.0753298414566,947.0,957.1492439464455,1
330,15840,0.0,22.575704087588747,23.0,81.05232906762467,,,83.0,645.4417407521978,672.0,798.0046158690056,815.0,851.1747933051083,852.0,961.5366715639575,962.0,972.3041193692152,1
331,15840,0.0,23.523115619340388,,,24.0,73.61189613482384,74.0,105.53942532966357,138.0,262.0562131378556,266.0,304.1743468910299,305.0,416.7638176132077,417.0,427.00054553076734,1
332,15840,0.0,24.580910997641695,,,25.0,366.8186343532525,369.0,421.15431488443755,488.0,619.3738167377269,621.0,659.9756009881057,660.0,766.8397247732464,767.0,778.0824875541439,1
333,15840,0.0,24.580910997641695,,,25.0,366.8186343532525,369.0,421.15431488443755,488.0,612.3048359045533,614.0,651.8506064143403,652.0,758.7374583042692,759.0,769.481851584369,1
334,15840,0.0,23.222717789083617,,,24.0,72.35471967487683,73.0,264.2219045337497,278.0,402.5839697327083,404.0,441.44852389922926,442.0,549.2499782024788,550.0,562.3532189946527,1
335,15840,0.0,23.222717789083617,,,24.0,72.35471967487683,73.0,264.2219045337497,278.0,401.8833605258187,403.0,438.75188187725144,439.0,546.7295571252871,547.0,557.3552859284755,1
336,15840,0.0,24.627706951092478,,,25.0,97.91028803321205,118.0,152.1487365539797,175.0,301.57108751598935,303.0,343.2183225159479,344.0,456.1192984127192,457.0,469.0085126448357,1
337,15840,0.0,24.627706951092478,,,25.0,97.91028803321205,118.0,152.1487365539797,218.0,348.23838089062883,350.0,386.6814603385901,387.0,492.8435714911866,493.0,503.1435060468011,1
338,15840,0.0,24.771025447524153,,,25.0,431.22269347758447,432.0,594.1365052084184,629.0,753.045018126184,755.0,792.7743715550605,793.0,905.0566717272231,906.0,916.2407808998796,1
339,15840,0.0,24.771025447524153,,,25.0,431.22269347758447,432.0,594.1365052084184,636.0,761.7839256719926,763.0,799.564097509472,800.0,905.6658301492862,906.0,916.3637534615154,1
340,15840,0.0,25.516251020640993,,,26.0,262.8982046696019,263.0,295.4127543177401,308.0,431.3227099307933,433.0,469.9307694781601,470.0,578.3781367493721,579.0,590.5088000715477,1
341,15840,0.0,25.516251020640993,,,26.0,262.8982046696019,263.0,295.4127543177401,308.0,430.8194246889707,432.0,471.24630029064974,472.0,578.8858127828389,579.0,590.5272090579529,1
342,15840,23.0,46.3085576007652,,,47.0,136.49152559357935,137.0,188.2693316241748,218.0,340.7662448238116,342.0,379.5104614615193,380.0,485.22809248138765,486.0,496.2771817040575,1
343,15840,23.0,48.68656367955191,,,71.0,124.92439507882045,130.0,197.80456310948284,225.0,349.3723224880814,357.0,393.7669468697695,394.0,504.4108975072122,505.0,515.7099586896584,1
344,15840,23.0,45.073301579494,,,46.0,138.24981463055883,152.0,527.3808781198331,550.0,681.7139344705283,683.0,719.593698478744,720.0,827.6578215779227,828.0,838.466442979432,1
345,15840,23.0,45.073301579494,,,46.0,138.24981463055883,152.0,527.3808781198331,557.0,681.977241643599,683.0,720.2296045027833,721.0,831.6134386658014,832.0,843.7372976380029,1
346,15840,24.0,46.50493125459252,,,47.0,588.6011201208385,592.0,679.2152565424876,731.0,863.2415633529672,865.0,901.6525772793248,902.0,1014.9308081810304,1015.0,1025.844054762838,1
347,15840,24.0,46.50493125459252,,,47.0,588.6011201208385,592.0,679.2152565424876,731.0,857.5146119152523,859.0,899.3157852323384,900.0,1008.7707387546288,1009.0,1019.5615545059045,1
348,15840,25.0,341.18228126337635,343.0,395.3288118959117,,,398.0,522.7526683007982,543.0,666.7272638966642,690.0,727.5012475411495,728.0,832.0270014861526,833.0,844.2097399778104,1
349,15840,47.0,69.09553990393579,85.0,253.84985902313383,,,254.0,296.5672923726288,315.0,442.30502904671084,448.0,486.0542123235173,487.0,593.8886099451483,594.0,604.540020446635,1
350,15840,47.0,69.09553990393579,85.0,253.84985902313383,,,254.0,296.5672923726288,322.0,446.5002547692784,464.0,501.9425073525563,502.0,611.4509243946268,612.0,623.4961085284704,1
387,2880,71.0,95.66267220186728,,,138.0,219.04918681850268,221.0,565.6673042529746,585.0,716.3913393764883,718.0,753.7995849462586,754.0,859.7418593522639,860.0,870.4175632257643,2
388,2880,71.0,95.66267220186728,,,138.0,219.04918681850268,221.0,565.6673042529746,585.0,711.1404789295734,713.0,748.2159164547738,749.0,857.9110201106264,858.0,869.318971944992,2
389,2880,71.0,122.78209364474014,,,140.0,586.0385941730005,587.0,676.92625557155,688.0,811.2662836599638,813.0,848.7093620194514,849.0,957.5569841706938,958.0,968.996088808603,2
390,2880,73.0,97.39376391510132,,,166.0,320.07899789037583,326.0,352.07048477629405,369.0,495.82497671116744,497.0,534.156887659748,535.0,639.8263530547947,640.0,651.1296634393389,2
391,2880,98.0,122.30805020177104,,,220.0,314.8633033228584,315.0,371.2486617019531,396.0,518.8641949629064,520.0,555.9187835619769,556.0,660.6331955987384,661.0,672.8052026128671,2
392,2880,98.0,122.30805020177104,,,220.0,314.8633033228584,315.0,371.2486617019531,396.0,524.2051233524267,526.0,563.2247956468996,564.0,675.5200843405905,676.0,686.7810361887236,2
393,2880,99.0,121.28470444668801,,,235.0,363.491547113505,364.0,391.35204668624556,408.0,538.3630969813548,616.0,655.3741520250724,656.0,765.6651908991853,766.0,777.2335854783469,2
394,2880,118.0,142.8517743622515,240.0,349.1922256729936,,,350.0,376.9323648328773,388.0,512.2323551398649,514.0,549.3856260877769,550.0,660.5169170051013,661.0,672.0053211907007,2
395,2880,119.0,347.8354101498153,,,350.0,558.2017933986303,559.0,648.4833118572587,665.0,787.5666393974229,792.0,828.5808884068488,829.0,937.2702747437002,938.0,948.6704171406932,2
396,2880,122.0,145.62880703769088,,,263.0,592.4059064861412,594.0,674.6380297759988,695.0,820.4694928692948,831.0,866.116635085521,867.0,970.740929312432,971.0,983.1043218722662,2
397,2880,122.0,145.62880703769088,,,263.0,592.4059064861412,594.0,674.6380297759988,703.0,829.1325418108213,835.0,872.8277747994425,873.0,983.2003881264118,984.0,994.0108200380682,2
398,2880,123.0,318.2017245973484,,,320.0,367.58397033916617,370.0,515.3498553713898,534.0,661.3469409095301,663.0,700.5636498307917,701.0,811.5249145559146,812.0,823.4563568350204,2
399,2880,169.0,192.6478050825349,,,321.0,380.4368406763406,392.0,431.52381923536905,506.0,630.5852633324166,632.0,668.3500192707647,669.0,777.8890507517517,778.0,788.7126933537006,2
400,2880,220.0,243.2865215650213,,,392.0,440.7345012212709,505.0,530.3913276318258,548.0,671.8529876668513,704.0,743.5926902986985,744.0,852.5484881519369,853.0,863.3789633749743,2
401,2880,226.0,251.76203028381315,,,412.0,538.445400997507,539.0,590.6532610739787,608.0,735.9786091424326,737.0,774.7652803210672,775.0,880.812407882444,881.0,891.6350173655483,2
402,2880,252.0,274.3523457943129,,,505.0,558.4435954967798,561.0,691.7420038684772,717.0,841.9936419562755,852.0,889.5294408676064,890.0,1002.5354985445556,1003.0,1013.6866201618654,2
403,2880,252.0,274.3523457943129,,,505.0,558.4435954967798,561.0,691.7420038684772,724.0,850.962769499044,855.0,893.1842748104145,894.0,1001.5315667765253,1002.0,1012.7491475877919,2
404,2880,260.0,284.14195364492343,,,513.0,563.6654695169591,572.0,697.291612425533,710.0,833.034500918166,836.0,871.0605761463034,872.0,978.1780574967879,979.0,989.4839878465627,2
405,2880,279.0,302.6710213387446,,,559.0,658.7002768730481,690.0,715.0376741533992,731.0,853.8238234865271,859.0,896.6271340274184,897.0,1006.511198904142,1007.0,1018.8739618356631,2
406,2880,280.0,306.88980042820504,,,559.0,702.2427355773989,703.0,728.8168874816906,745.0,876.0637526634023,878.0,918.8470359572093,919.0,1025.779898638183,1026.0,1036.8338931584963,2
407,4320,47.0,340.3672374079324,,,349.0,404.1139545044871,405.0,545.5754855587747,582.0,714.7894319800562,742.0,779.5435629361637,780.0,915.1063447591432,916.0,926.761732777878,2
408,4320,51.0,94.54037440789216,,,125.0,237.30148876508974,260.0,286.3329780048507,298.0,420.263079858295,447.0,487.3907736681067,488.0,593.3506781007454,594.0,605.7548670272909,2
409,4320,70.0,94.59289319396248,129.0,602.5857835385732,,,640.0,664.4720185965098,678.0,804.6033660769672,806.0,842.3315591140381,843.0,951.21102121686,952.0,962.1631171092176,2
410,4320,72.0,98.14948276483119,,,137.0,212.4562606785148,213.0,237.78702318987962,271.0,398.68374508184206,416.0,456.08727721859213,457.0,561.7676471417271,562.0,573.0780797368452,2
411,4320,96.0,118.25259917384938,,,213.0,352.8113406698958,360.0,393.5763818045689,408.0,537.0634711220837,539.0,574.9687608350823,575.0,680.6133040508948,681.0,692.2083126113812,2
412,4320,96.0,118.25259917384938,,,213.0,352.8113406698958,360.0,393.5763818045689,408.0,531.8450838655181,533.0,570.2402415633787,571.0,676.8046736936367,677.0,687.4083313533074,2
413,4320,121.0,147.7124694008271,,,267.0,320.5339626871846,321.0,379.8801565166241,398.0,526.6499927307768,528.0,563.2890235716877,564.0,670.4945895272285,671.0,681.7598928950256,2
414,4320,122.0,146.89284449330444,274.0,388.86188070651133,,,389.0,545.5467439274671,559.0,683.6609551278634,696.0,733.4883889215971,734.0,840.7752101396782,841.0,851.3260380924949,2
415,4320,122.0,146.89284449330444,274.0,388.86188070651133,,,389.0,545.5467439274671,567.0,694.3755932295398,700.0,735.9057634908759,736.0,843.4420105648533,844.0,855.4770350079843,2
416,4320,125.0,290.0289195870655,,,291.0,594.7788982304464,595.0,638.7992091353253,650.0,772.7020386120666,774.0,812.1106375138697,813.0,919.1324011104862,920.0,930.5305982133159,2
417,4320,125.0,290.0289195870655,,,291.0,594.7788982304464,595.0,638.7992091353253,657.0,782.2548312937088,784.0,820.6323784313317,821.0,927.4947300113427,928.0,938.0592812863033,2
418,4320,142.0,217.40584818776915,,,285.0,338.2478204169429,349.0,540.3111320777525,574.0,700.8367903724611,702.0,740.417876144249,741.0,847.5229372894682,848.0,858.3664563064522,2
419,4320,148.0,191.99321744167355,,,320.0,368.466492080277,378.0,407.1982558312702,418.0,544.3350175663682,624.0,662.6217357112146,663.0,772.8143126104951,773.0,783.6772469968073,2
420,4320,193.0,215.82686819382707,,,356.0,407.960670205719,414.0,505.7876284327567,518.0,647.0302788306026,668.0,705.107494635894,706.0,811.2855067267865,812.0,822.2759475634148,2
421,4320,193.0,215.82686819382707,,,356.0,407.960670205719,414.0,505.7876284327567,538.0,666.6801307879168,673.0,709.4742729996142,710.0,813.7872307634561,814.0,824.5613318608666,2
422,4320,201.0,224.3634820514735,,,369.0,438.7591264597677,458.0,526.7005251073533,548.0,671.6679441710139,676.0,713.3935922557694,714.0,819.2497540851846,820.0,832.313465774123,2
423,4320,215.0,240.1120380084676,376.0,598.4723857192657,,,599.0,690.7031707229899,737.0,860.4890250445742,862.0,900.8887082086912,901.0,1016.5187374059178,1017.0,1027.4450844139337,2
424,4320,215.0,240.1120380084676,376.0,598.4723857192657,,,599.0,690.7031707229899,744.0,867.5379426446225,869.0,918.5986216675383,919.0,1025.224173280133,1026.0,1036.860045058388,2
425,4320,221.0,243.79963251016034,,,399.0,536.498731191442,539.0,592.5544173622447,629.0,755.8621775245556,757.0,793.4471053090974,794.0,916.4144878321667,917.0,927.9561466508603,2
426,4320,238.0,262.8039080266244,,,414.0,545.0310501943513,555.0,619.7882113019859,643.0,765.8352855980529,787.0,822.9609926878975,823.0,928.7748686691921,929.0,939.7814149558344,2
427,4320,288.0,313.4373190900824,552.0,650.7491987824997,,,655.0,691.2677869515428,730.0,853.7386736521648,875.0,913.8256649785762,914.0,1024.4620280663257,1025.0,1035.462766420973,2
428,5760,48.0,73.05602704657394,,,96.0,380.78895611503776,392.0,520.7896493988583,545.0,668.4188971268331,670.0,705.4844644229406,706.0,816.23161612899,817.0,828.2927376853158,2
429,5760,49.0,72.16295950525364,,,98.0,288.24212934402476,296.0,355.9035015833042,382.0,505.20551439774135,510.0,550.2280968799596,551.0,655.9922523743917,656.0,666.6280263534145,2
430,5760,50.0,73.9791659672992,,,125.0,326.4236023040412,347.0,391.5496455765424,408.0,531.3494868676753,533.0,568.6311914272446,569.0,677.0867349879436,678.0,688.472926069282,2
431,5760,50.0,73.9791659672992,,,125.0,326.4236023040412,347.0,391.5496455765424,415.0,543.8368860224537,545.0,583.6234963280949,584.0,691.9029177089315,692.0,702.0323376031083,2
432,5760,51.0,96.43246538517815,,,131.0,310.7193134745057,319.0,348.6404398414352,358.0,486.0539423012942,488.0,525.044600943168,526.0,630.8183630726307,631.0,642.7930557933068,2
433,5760,70.0,95.0691192914519,137.0,198.089918191582,,,203.0,591.2902860135318,615.0,741.9087130645794,743.0,779.726815028057,780.0,908.6046914798053,909.0,920.2129428440412,2
434,5760,70.0,95.0691192914519,137.0,198.089918191582,,,203.0,591.2902860135318,622.0,749.2459849931647,751.0,787.0150084151101,788.0,908.6835963445283,909.0,920.3484624949197,2
435,5760,78.0,100.03060325547449,,,154.0,593.4599301489698,594.0,686.1722004491703,698.0,823.4492663710917,831.0,867.4414074134065,868.0,977.6856733859058,978.0,990.327712532855,2
436,5760,78.0,100.03060325547449,,,154.0,593.4599301489698,594.0,686.1722004491703,706.0,829.6844510196061,839.0,875.4584566438998,876.0,982.0393142951834,983.0,994.1665261427879,2
437,5760,97.0,121.53523306729312,,,178.0,268.33372554673406,282.0,593.3009382479077,629.0,753.7388316739844,769.0,808.8926960955296,809.0,918.7123852859686,919.0,929.7864533895454,2
438,5760,97.0,121.53523306729312,,,178.0,268.33372554673406,282.0,593.3009382479077,636.0,767.9077909367506,769.0,806.8577330313365,807.0,912.2411731877182,913.0,923.7733644620366,2
439,5760,101.0,341.40434015268875,,,349.0,406.4505535923445,412.0,464.8144668408868,495.0,617.8181237894187,647.0,684.0318490694663,685.0,791.8636793707901,792.0,803.0164409922054,2
440,5760,127.0,161.51796747238222,,,282.0,356.2459998118111,360.0,389.0171954158495,415.0,541.8173141979951,543.0,579.8430000863009,580.0,685.2259375700696,686.0,696.1028475119929,2
441,5760,145.0,170.27118468856042,301.0,367.2012613316674,,,368.0,593.3307925902727,608.0,735.9239614613962,748.0,785.8834361819518,786.0,902.4957496378147,903.0,913.5199113056606,2
442,5760,147.0,201.1961555234866,,,302.0,580.1282410883969,581.0,686.0006034505841,713.0,837.168496558359,842.0,882.562172601306,883.0,1002.4464952186736,1003.0,1013.0125932714318,2
443,5760,204.0,227.0880269206682,,,369.0,414.4396044525447,432.0,520.1583119054794,552.0,682.1332648989865,688.0,725.7151621551411,726.0,831.5973867514504,832.0,842.1941284148807,2
444,5760,219.0,242.84852480685458,,,373.0,552.1712534368808,556.0,636.9587067347493,650.0,781.8094376049239,784.0,822.5056005388014,823.0,932.1165271790942,933.0,943.1871755875491,2
445,5760,219.0,242.84852480685458,,,373.0,552.1712534368808,556.0,636.9587067347493,657.0,782.7337999012498,805.0,840.1956326476084,841.0,945.8832102584811,946.0,957.9809216932417,2
446,5760,223.0,245.07352587477635,385.0,473.9472911228577,,,474.0,591.2063168980449,643.0,773.2403186064239,775.0,812.7469106920407,813.0,918.0156219025066,919.0,929.8514447868884,2
447,5760,225.0,348.52187690479695,394.0,704.883168496317,,,705.0,730.9915854433257,755.0,880.9393156387405,882.0,919.1060987255405,920.0,1026.5671295783268,1027.0,1037.6328443896737,2
448,5760,254.0,278.045464925739,,,466.0,559.3206325492274,568.0,636.6110045693904,678.0,806.9577090190387,808.0,844.4140484277068,845.0,956.6575601965551,957.0,969.1267880766982,2
449,5760,288.0,311.51417716939613,,,560.0,642.5776966486956,658.0,686.72279414895,720.0,852.0248511568652,862.0,927.4265364736648,928.0,1035.2248780956343,1036.0,1046.5541989337435,2
450,7200,50.0,72.14209216902054,,,95.0,276.1966518849322,277.0,316.35782851249314,350.0,475.8424833161125,483.0,520.5820212520221,521.0,627.7800982510889,628.0,638.2775536255986,2
451,7200,51.0,275.34833964925383,,,277.0,325.8840082684792,326.0,709.5538864373639,808.0,936.7853825069715,938.0,977.4819337084764,979.0,1445.3841545598589,1446.0,1456.3242964765304,2
452,7200,51.0,275.34833964925383,,,277.0,325.8840082684792,326.0,709.5538864373639,815.0,937.965868972823,939.0,974.728100083943,975.0,1445.9788440329885,1446.0,1457.5338021212137,2
453,7200,51.0,74.23782350768033,,,121.0,212.66490373834313,221.0,582.384416753951,613.0,736.8622059003956,739.0,777.8801434930328,778.0,883.5235618953484,884.0,896.0759762143989,2
454,7200,52.0,96.14767405644034,,,131.0,341.178652046101,349.0,374.09468846918935,395.0,517.7106771515564,630.0,668.720907840454,669.0,778.4131881070034,779.0,791.1820656933487,2
455,7200,71.0,96.01101526754155,,,136.0,229.84161340607534,245.0,588.9973405157152,634.0,760.860510278404,762.0,798.9310378403507,799.0,915.4480536572482,916.0,926.5549208806424,2
456,7200,97.0,119.11890743055301,,,212.0,568.9100978622528,581.0,671.5112892082279,772.0,905.4668990332593,907.0,942.8690797816662,943.0,1051.5639131858861,1052.0,1062.0702461832007,2
457,7200,97.0,119.11890743055301,,,212.0,568.9100978622528,581.0,671.5112892082279,772.0,906.9048088239051,908.0,948.5908380591827,949.0,1066.958990768433,1067.0,1077.6842293944537,2
458,7200,101.0,124.48257927566192,,,245.0,300.11144825832434,315.0,341.5300364668137,358.0,485.448106970096,495.0,534.489499214953,535.0,640.2822278586582,641.0,651.4105298465811,2
459,7200,130.0,169.96409393532576,,,292.0,412.7954225664744,535.0,688.2816500961835,723.0,854.13293157928,856.0,892.420504199592,893.0,1018.6110876277198,1019.0,1029.7398276565527,2
460,7200,130.0,169.96409393532576,,,292.0,412.7954225664744,535.0,688.2816500961835,730.0,853.1250391330195,855.0,891.0590264712037,892.0,1000.3756273795498,1001.0,1012.7243763397892,2
461,7200,156.0,204.66828899903885,,,326.0,586.6972601453881,589.0,672.8650450751802,688.0,814.2033788929357,816.0,852.3319046826564,853.0,960.330294604747,961.0,972.5517603207509,2
462,7200,219.0,241.2343853145985,383.0,693.0909928786386,,,694.0,719.1620780713192,765.0,888.3199973236151,890.0,935.0876281136498,936.0,1043.7754701578415,1044.0,1055.7001060044386,2
463,7200,229.0,253.92648997746892,,,418.0,531.1038415297253,589.0,669.170317665189,709.0,834.1708182623615,836.0,871.2588359058855,872.0,978.5106588784538,979.0,990.3794722703406,2
464,7200,259.0,285.4528686704916,,,522.0,574.4729239078833,670.0,695.6556472827924,730.0,854.5638117925655,856.0,894.0774156159496,895.0,1000.9905062879807,1001.0,1011.2885800026779,2
465,7200,269.0,294.22916054989855,,,529.0,576.1682761027369,670.0,700.278699243383,800.0,923.847863713444,948.0,982.7689576833372,983.0,1445.964626414574,1446.0,1456.796458044575,2
466,7200,274.0,298.31088377370634,544.0,594.2459919519006,,,672.0,696.6456798859199,751.0,878.9651397067282,880.0,926.5471230232488,927.0,1034.5501020450192,1035.0,1046.3672683542009,2
467,8640,73.0,99.56322424939754,,,170.0,290.9211615687873,293.0,335.16102365788356,355.0,481.01092223107116,484.0,519.9760354493319,520.0,624.4586229764172,625.0,635.0293178495995,2
468,8640,104.0,129.52449343009175,,,261.0,311.3028604121355,333.0,565.5728314279659,578.0,705.5786581827342,711.0,746.6507155760137,747.0,854.4335751035851,855.0,865.1360715701776,2
469,8640,119.0,142.6878877072686,267.0,344.74970052216486,,,348.0,461.1234545573734,483.0,606.3046306443575,616.0,652.3390531988825,653.0,759.2798480429938,760.0,770.1567283487384,2
470,8640,121.0,339.7712517208347,,,341.0,394.18381215867703,395.0,539.9158335224856,558.0,683.4382546294219,685.0,723.3425097288309,724.0,828.2848314682706,829.0,839.3322986302555,2
471,8640,121.0,339.7712517208347,,,341.0,394.18381215867703,395.0,539.9158335224856,565.0,691.8152378787236,693.0,728.4603553573852,729.0,836.3183259465441,837.0,847.1937088059622,2
472,8640,121.0,144.14859595245434,290.0,462.7216272168116,,,502.0,537.763251692606,548.0,674.5777336448646,697.0,732.2843548198198,733.0,845.5370045144336,846.0,857.1539524872805,2
473,8640,124.0,148.09317974080113,,,294.0,348.43127142511185,358.0,715.4994245140024,736.0,861.713816506981,863.0,899.031175863398,900.0,1005.0840871012697,1006.0,1018.3807807629237,2
474,8640,124.0,148.09317974080113,,,294.0,348.43127142511185,358.0,715.4994245140024,743.0,866.4568879127983,868.0,908.7044297604953,909.0,1016.6791536625988,1017.0,1031.4095373945238,2
475,8640,149.0,173.85798970738324,345.0,398.89935278112534,,,405.0,514.4511505150931,528.0,650.5504144838415,652.0,688.6221513279761,689.0,794.7607458702041,795.0,805.1638756452048,2
476,8640,149.0,173.85798970738324,345.0,398.89935278112534,,,405.0,514.4511505150931,535.0,662.1129998032648,664.0,702.399687013738,703.0,806.8952290162742,807.0,817.6553852806319,2
477,8640,170.0,197.35456674630223,,,347.0,411.3074760795171,431.0,514.5938689281975,535.0,659.2990905289535,661.0,698.0404300428181,699.0,807.7720118706511,808.0,818.1895230042828,2
478,8640,197.0,221.24013235261555,,,388.0,553.7478825907274,557.0,716.6835617860543,771.0,896.4733176623849,903.0,941.4076020223201,942.0,1048.1086012026572,1049.0,1059.9593929464263,2
479,8640,218.0,242.07731502750175,399.0,547.868086702003,,,552.0,698.4906609380232,718.0,847.9670297671855,849.0,885.6955065609855,886.0,1008.30694156545,1009.0,1021.3600435767203,2
480,8640,220.0,250.889772252267,,,405.0,507.72144804816526,509.0,639.088019488001,658.0,787.8599115677953,789.0,826.9751943977262,827.0,936.6511198246208,937.0,947.0352820105454,2
481,8640,267.0,292.3187043777525,548.0,699.3519706188545,,,700.0,725.177308063101,743.0,866.949808638019,868.0,907.8293507415965,908.0,1013.0464590286156,1014.0,1029.0284754205804,2
482,8640,270.0,293.8938140721166,,,557.0,686.4395822152819,688.0,712.8505256931767,750.0,876.3984444251018,890.0,929.8715344546417,930.0,1035.3755518991784,1036.0,1046.6548262151427,2
483,10080,49.0,75.53885864305266,,,117.0,347.02967238380916,356.0,381.4528820117266,405.0,528.8447635717494,600.0,635.8193429381663,636.0,743.698892724884,744.0,754.3796045274994,2
484,10080,49.0,73.06904622432558,,,118.0,232.08040134437397,240.0,565.7229118922805,578.0,705.9862858853994,707.0,742.6318418162555,743.0,849.4580365167167,850.0,861.9489646650873,2
485,10080,49.0,73.06904622432558,,,118.0,232.08040134437397,240.0,565.7229118922805,578.0,702.2537714465907,704.0,741.2212200960366,742.0,850.5785433049477,851.0,861.3385384588655,2
486,10080,50.0,73.97390020190505,,,127.0,242.571357313107,246.0,278.53957686140893,288.0,412.63251692714766,414.0,449.38400743898274,450.0,559.6614562749055,560.0,570.9734896326318,2
487,10080,50.0,73.97390020190505,,,127.0,242.571357313107,246.0,278.53957686140893,295.0,417.71845208846025,419.0,456.3656804034381,457.0,562.0861077460177,563.0,574.6562869760437,2
488,10080,50.0,72.2761074152877,130.0,185.02205966662405,,,199.0,241.5381436039661,265.0,395.62657076566575,423.0,462.2808772067692,463.0,571.332228588928,572.0,582.1541271297574,2
489,10080,70.0,233.8087218593446,234.0,281.6038883515412,,,290.0,317.78612305017305,335.0,462.33432922250904,483.0,518.9593131079,519.0,625.5141799224584,626.0,637.0778290074068,2
490,10080,70.0,344.87699930821327,345.0,456.65038350445684,,,468.0,529.4226834831024,566.0,695.0321240973153,697.0,734.0208308025176,735.0,843.7097560791026,844.0,854.379179263211,2
491,10080,72.0,98.41374348573845,,,141.0,588.915930689549,589.0,637.4579707014509,652.0,776.605669966084,792.0,828.7690687302129,829.0,935.3767552974059,936.0,946.0181539716978,2
492,10080,72.0,98.41374348573845,,,141.0,588.915930689549,589.0,637.4579707014509,659.0,790.0762581507643,793.0,831.7385844058899,832.0,940.8334368055584,941.0,951.5839013802961,2
493,10080,72.0,94.53885172842638,,,148.0,416.55574288322896,448.0,527.1111976175362,538.0,661.1736813279622,677.0,714.1678739563522,715.0,823.9842729258089,824.0,835.1058368859594,2
494,10080,94.0,117.1692795491017,,,192.0,590.7066302926905,593.0,637.2599770298239,666.0,793.6960753502644,795.0,834.9833160439648,835.0,944.5694598536993,945.0,955.1949678596411,2
495,10080,97.0,340.83012037665685,,,343.0,390.2956597243774,391.0,682.4989614896003,702.0,825.2359751110744,827.0,865.0954240142037,866.0,973.0371573003267,974.0,984.1619076751813,2
496,10080,98.0,120.09613063438701,,,233.0,298.1504415059335,299.0,449.9844715397139,528.0,656.7752095694887,658.0,695.2305532693208,696.0,799.8276799787745,800.0,810.3693915051044,2
497,10080,118.0,140.2037600932781,246.0,332.1791968329944,,,335.0,360.5286432749617,378.0,504.67940581231414,506.0,541.9824537225013,542.0,649.4638568172577,650.0,661.4142506426924,2
498,10080,144.0,166.12068393159825,,,297.0,587.5474145956923,588.0,624.7598148507859,687.0,809.5667101661002,811.0,849.8168734027167,850.0,955.4208724406399,956.0,967.0695024109973,2
499,10080,144.0,166.12068393159825,,,297.0,587.5474145956923,588.0,624.7598148507859,687.0,809.7336059096142,811.0,848.5368351883371,849.0,955.2596048440118,956.0,966.2453419280064,2
500,10080,147.0,173.3316836759641,,,308.0,690.235386342667,691.0,715.4365492917386,730.0,854.8093576029842,856.0,891.8076027509342,892.0,997.3053282271376,998.0,1008.1435222780838,2
501,10080,147.0,173.3316836759641,,,308.0,690.235386342667,691.0,715.4365492917386,730.0,853.6485795236986,855.0,892.7706120116218,893.0,1000.0181713942275,1001.0,1011.020339883371,2
502,10080,225.0,248.93021637689526,,,398.0,544.9210575035559,545.0,653.2332723283034,673.0,798.0967656006687,805.0,842.7192909286914,843.0,948.5889421544325,949.0,959.0613519042909,2
503,10080,242.0,266.9887835520549,413.0,520.0970272588274,,,528.0,567.9318976320228,585.0,711.4525705773212,727.0,762.472349684318,763.0,872.2012665262228,873.0,883.2586365862444,2
504,10080,282.0,305.6189206754498,542.0,679.4805548630411,,,681.0,706.1035545595969,723.0,848.2026749930319,850.0,887.4462728372582,888.0,993.2155469036115,994.0,1004.9442020102142,2
505,11520,49.0,71.02466408892724,,,124.0,218.05230262242367,219.0,600.2481247206942,622.0,749.0450504219989,751.0,786.3096303791826,787.0,904.0989226735874,905.0,915.7498688163214,2
506,11520,49.0,71.10610724035905,,,131.0,421.82415711849535,430.0,505.7158600189414,549.0,672.7363842421291,680.0,715.6155794062215,716.0,820.8831020364505,821.0,832.4726418782611,2
507,11520,49.0,71.27516993879726,,,133.0,236.8514881402316,238.0,279.9931878867683,298.0,422.08954260247083,449.0,489.40104125204743,490.0,597.9482034873727,598.0,608.5738370182389,2
508,11520,70.0,343.51841858020634,,,349.0,410.97358654097843,420.0,468.26111672072693,481.0,604.488192160592,644.0,681.5004575073235,682.0,785.8480009884606,786.0,796.368195044277,2
509,11520,75.0,100.84544418985206,,,162.0,256.21407141400596,265.0,299.0887405013236,347.0,474.39157509300094,477.0,512.7663914437326,513.0,620.4968872984537,621.0,632.2067865729659,2
510,11520,75.0,97.1105741872343,,,166.0,593.957662831981,599.0,672.0863533097545,696.0,825.9389133663699,827.0,862.2094880612349,863.0,971.3649595898587,972.0,982.2038001151086,2
511,11520,75.0,97.1105741872343,,,166.0,593.957662831981,599.0,672.0863533097545,696.0,820.2427814862622,822.0,857.2973324649538,858.0,965.3367534238168,966.0,977.0400250822931,2
512,11520,95.0,117.76094681619179,,,212.0,720.7484485633595,721.0,745.8109755609439,760.0,883.1606066867989,885.0,941.8232745792211,942.0,1046.7544581578932,1047.0,1058.128463666324,2
513,11520,95.0,117.76094681619179,,,212.0,720.7484485633595,721.0,745.8109755609439,760.0,884.3302403499711,886.0,936.256720560541,937.0,1048.8148492052405,1049.0,1059.2612675888504,2
514,11520,96.0,118.46167500786032,219.0,600.9454514138924,,,609.0,645.8236987792352,665.0,789.9346026526146,791.0,829.4343958656664,830.0,934.558162112553,935.0,945.0893659856501,2
515,11520,96.0,118.46167500786032,219.0,600.9454514138924,,,609.0,645.8236987792352,665.0,788.6965755310248,790.0,824.9818656048028,825.0,932.9363550338494,933.0,943.1906617477907,2
516,11520,101.0,124.50063349406628,,,240.0,303.8615406829267,305.0,332.1172778319633,354.0,483.18359065337063,497.0,536.307501676647,537.0,641.6939055754956,642.0,653.6760468055345,2
517,11520,101.0,124.50063349406628,,,240.0,303.8615406829267,305.0,332.1172778319633,368.0,495.1255945153898,525.0,561.5123927797795,562.0,673.4143128723917,674.0,685.471483023046,2
518,11520,122.0,147.2113985965916,,,267.0,325.05146816802517,326.0,354.3660393260252,398.0,523.9643557288,529.0,567.6677897075642,568.0,672.5701031128247,673.0,684.0425003134023,2
519,11520,123.0,145.52346126794146,,,278.0,333.7458943900838,341.0,424.0355691039804,474.0,596.3022108166933,598.0,634.922528490426,635.0,745.326163414833,746.0,757.1559888156844,2
520,11520,123.0,145.52346126794146,,,278.0,333.7458943900838,341.0,424.0355691039804,474.0,601.5796084300364,603.0,640.3636378164119,641.0,749.4517403490445,750.0,760.0030564023382,2
521,11520,145.0,172.87831648192514,,,304.0,355.8402108856317,364.0,389.76680161334116,408.0,532.6044617852476,597.0,634.7948617139227,635.0,745.2353692242577,746.0,756.8626053465796,2
522,11520,147.0,341.9711417732069,,,342.0,399.44247206783257,410.0,545.1565771672249,558.0,688.8303788258017,691.0,729.308064191342,730.0,833.4267287801395,834.0,844.0390807210624,2
523,11520,147.0,341.9711417732069,,,342.0,399.44247206783257,410.0,545.1565771672249,565.0,689.1604614025182,704.0,740.6221610065386,741.0,846.324472567243,847.0,857.1130189317282,2
524,11520,215.0,237.2159551929326,,,393.0,526.920944998199,538.0,593.7839136533057,629.0,757.1642702509944,784.0,820.0242470013582,821.0,925.0361018289987,926.0,937.4939044887142,2
525,11520,220.0,246.35649603746788,,,402.0,523.5250920162362,525.0,563.3741532530094,578.0,707.8405247648461,709.0,747.6702887054144,748.0,852.7942206650569,853.0,863.7977025392738,2
526,11520,241.0,265.00961588700375,,,432.0,555.7145847461907,561.0,691.8013843517565,746.0,870.4308015913975,884.0,923.0653948405306,924.0,1035.7275844670094,1036.0,1047.2261791882593,2
527,11520,254.0,278.5778175061423,,,519.0,575.7233752582924,582.0,645.5679077362311,672.0,797.5031251772944,813.0,849.8577421666105,850.0,958.7720659323477,959.0,970.326121887947,2
528,11520,279.0,301.57130271656206,,,567.0,644.3750812520648,656.0,681.9007295984975,704.0,829.5448102422979,850.0,886.7568706005513,887.0,1004.0227330487705,1005.0,1016.8422540819956,2
529,12960,48.0,256.0070947944969,257.0,439.7751786544104,,,467.0,504.57484001458397,525.0,651.2604044728487,653.0,689.1074965236003,690.0,798.0135710985778,799.0,810.6246206644519,2
530,12960,48.0,256.0070947944969,257.0,439.7751786544104,,,467.0,504.57484001458397,525.0,656.3198911812415,658.0,694.9134676075464,695.0,804.2916501554064,805.0,815.2502053504031,2
531,12960,50.0,336.4990161523074,,,339.0,390.1761558978724,391.0,492.07395884988,508.0,635.0544945341753,644.0,680.9455362831377,681.0,786.6798463996201,787.0,797.1543476069292,2
532,12960,50.0,76.11957919389715,,,137.0,587.1557842104139,589.0,637.9772596077564,648.0,771.2060604413182,773.0,810.8788006759023,811.0,917.1007280383583,918.0,929.4882204877977,2
533,12960,50.0,76.11957919389715,,,137.0,587.1557842104139,589.0,637.9772596077564,648.0,771.4070490776485,773.0,808.5295036338175,809.0,917.9517092116257,918.0,928.9542525175584,2
534,12960,52.0,76.74118555487621,,,147.0,722.091463396966,727.0,751.8631260047878,771.0,894.743940299224,898.0,936.0258188146145,937.0,1042.140098865866,1043.0,1053.012290394896,2
535,12960,76.0,98.76045140879614,,,198.0,308.4418889111803,320.0,354.02031147168054,375.0,499.6824849120112,501.0,536.8924446876645,537.0,642.6546968276634,643.0,653.3099525722137,2
536,12960,76.0,98.76045140879614,,,198.0,308.4418889111803,320.0,354.02031147168054,375.0,501.61116400933497,503.0,539.2063739893074,540.0,651.4190920020137,652.0,662.4736609661741,2
537,12960,95.0,118.31004017301893,,,211.0,420.0917027383184,422.0,501.4149333064506,532.0,658.7023015507075,666.0,703.0535602699565,704.0,812.7366009106463,813.0,823.4688917504081,2
538,12960,95.0,118.31004017301893,,,211.0,420.0917027383184,422.0,501.4149333064506,539.0,664.304229873198,683.0,719.889005043171,720.0,824.4588850385153,825.0,837.0735735480976,2
539,12960,99.0,329.7485137703934,,,330.0,392.17197345470777,404.0,541.8276695094592,558.0,685.9502723979258,687.0,724.7854252114867,725.0,829.8135412182073,830.0,841.461119333444,2
540,12960,101.0,124.13292271078171,,,250.0,328.75968714925875,330.0,357.2351417857499,368.0,494.7722301406957,496.0,531.6649446447664,532.0,635.6704635032038,636.0,647.2809630792908,2
541,12960,117.0,139.64927748716946,,,252.0,591.6378078671733,599.0,673.6462045177796,692.0,814.2923131492098,816.0,854.2883526039659,855.0,961.2145406655563,962.0,972.9422607698853,2
542,12960,117.0,139.64927748716946,,,252.0,591.6378078671733,599.0,673.6462045177796,692.0,817.5618200035497,819.0,854.5424829903586,855.0,961.4971317318905,962.0,973.721220347461,2
543,12960,121.0,143.9787080884671,,,281.0,338.4910335859986,349.0,381.96430784289623,399.0,525.4463521066627,527.0,564.2399862093844,565.0,671.1261951351753,672.0,682.0584915469462,2
544,12960,207.0,231.37753405221156,,,391.0,526.4104636533775,527.0,566.7012714947559,578.0,711.2098121879862,713.0,749.9581435828441,750.0,856.6113361881162,857.0,868.2025291727114,2
545,12960,211.0,236.88867650399334,,,397.0,528.709575104891,539.0,567.9016772603427,592.0,721.6532840287655,723.0,758.7425570548676,759.0,867.8841922463216,868.0,878.527910540377,2
546,12960,216.0,238.69491093820398,,,398.0,549.5116126603771,550.0,589.5675028189526,613.0,738.0934653428085,749.0,787.4530235598304,788.0,893.9618348678287,894.0,905.0779597439305,2
547,12960,220.0,243.12476326755677,,,407.0,574.4236126125852,581.0,688.9668592169764,699.0,830.1533903235722,832.0,870.5943810453955,871.0,974.7909514868352,975.0,987.1257069609728,2
548,12960,220.0,243.12476326755677,,,407.0,574.4236126125852,581.0,688.9668592169764,707.0,830.6819917460543,841.0,879.4166414950396,880.0,987.2755120063684,988.0,998.0810250130962,2
549,12960,247.0,272.916734327373,,,516.0,569.7323858300424,573.0,679.0244629567133,714.0,839.6287180313739,844.0,880.2763679124528,881.0,989.9199401699643,990.0,1001.6272071208896,2
550,12960,268.0,290.12259170452853,540.0,601.1662568379197,,,615.0,668.6650600173834,685.0,808.9580487364401,810.0,848.0187774527349,849.0,955.0468012690217,956.0,967.1675375881114,2
551,12960,271.0,294.38526932775494,,,550.0,700.0896034555881,701.0,725.9070446776313,743.0,867.2701269392091,875.0,914.693887608335,915.0,1021.825767730159,1022.0,1032.7604447024787,2
552,14400,49.0,145.26561983699503,,,147.0,224.0375871416236,227.0,534.7261001654151,569.0,699.6250609305371,701.0,737.2153777361855,738.0,845.9805927745383,846.0,857.7494099437881,2
553,14400,49.0,145.26561983699503,,,147.0,224.0375871416236,227.0,534.7261001654151,577.0,699.6252534399482,713.0,748.9191359428751,749.0,857.5917224931636,858.0,868.3276599501605,2
554,14400,50.0,75.72097936811952,,,114.0,324.02824628955386,326.0,357.522514169048,368.0,494.5219957160298,526.0,563.7666080760173,564.0,670.3844530183651,671.0,681.3277469408513,2
555,14400,51.0,76.51879774370354,,,119.0,590.2833412391137,593.0,632.5792885291739,655.0,780.2641905153159,782.0,819.8302988888827,820.0,927.3243869334055,928.0,940.0083651539462,2
556,14400,71.0,236.71371977978015,,,237.0,292.9912012981931,305.0,332.7241880893507,352.0,478.56248781324575,480.0,517.0377349457176,518.0,627.5693824419122,628.0,638.3055965948352,2
557,14400,71.0,236.71371977978015,,,237.0,292.9912012981931,305.0,332.7241880893507,359.0,484.6697753748176,486.0,524.3735891525575,525.0,632.8989030718112,633.0,643.4681427327741,2
558,14400,73.0,96.22970707771674,,,144.0,233.19455570383798,234.0,569.7485831658378,606.0,730.358716566514,732.0,769.9573729426866,770.0,875.6886156645778,876.0,886.4504206867095,2
559,14400,74.0,98.18983965052394,,,148.0,362.0153204419439,363.0,494.0740103821081,508.0,631.651708648853,653.0,691.2196463449018,692.0,795.6050203555224,796.0,806.0156295971956,2
560,14400,77.0,101.69213447800757,,,171.0,411.2934960425555,460.0,532.5675902370076,548.0,674.5868632277434,684.0,721.3230102345551,722.0,827.794440650945,828.0,839.6323933942967,2
561,14400,77.0,101.69213447800757,,,171.0,411.2934960425555,460.0,532.5675902370076,555.0,682.5340310074462,692.0,729.8657181680719,730.0,834.3743567968886,835.0,845.2139009428229,2
562,14400,97.0,119.2595495561236,,,222.0,276.06612798131755,282.0,319.28506393090174,345.0,470.4755127181834,493.0,529.9959326179014,530.0,636.654932137255,637.0,647.816925240104,2
563,14400,104.0,127.15505812670563,236.0,309.805859578275,,,316.0,532.2955589676731,585.0,711.9910312542743,715.0,750.8619059327357,751.0,856.1496697850598,857.0,868.5488619694661,2
564,14400,148.0,172.83261765124917,,,313.0,369.006882029782,372.0,436.3736198729239,486.0,612.233206790399,620.0,656.5061255171295,657.0,767.8715194849774,768.0,778.8092758188341,2
565,14400,148.0,172.83261765124917,,,313.0,369.006882029782,372.0,436.3736198729239,493.0,618.5553634790867,626.0,664.3358746895301,665.0,772.5192156589255,773.0,783.6704714495045,2
566,14400,172.0,194.97559092963638,328.0,377.4574961318758,,,385.0,459.29245136291865,500.0,624.2641356340882,628.0,665.0444821030178,666.0,772.7007031170342,773.0,783.6258835676144,2
567,14400,200.0,273.21899476646104,,,366.0,536.2013033663025,540.0,589.5716046277448,628.0,756.0298401627606,758.0,794.9905055444196,795.0,910.6742709994251,911.0,922.8209397230949,2
568,14400,211.0,246.37714379361023,378.0,466.8570248634096,,,490.0,529.3860997933716,562.0,691.4599900078447,693.0,731.002154359734,732.0,841.1282711294461,842.0,852.1979401551216,2
569,14400,214.0,236.64898518107293,378.0,587.1396983093455,,,589.0,678.0626646782403,695.0,821.1167774055066,823.0,858.3465595854777,859.0,964.349342044683,965.0,975.4142616434219,2
570,14400,214.0,236.64898518107293,378.0,587.1396983093455,,,589.0,678.0626646782403,702.0,827.0015432384298,829.0,866.5553006276568,867.0,975.5465249942317,976.0,986.4903449311914,2
571,14400,257.0,280.9337016001009,508.0,607.1317907996272,,,636.0,681.0524608453034,709.0,832.1002183817782,858.0,897.712951057063,898.0,1010.1491484156868,1011.0,1021.6922748371617,2
572,14400,257.0,280.9337016001009,508.0,607.1317907996272,,,636.0,681.0524608453034,728.0,856.0391291298201,863.0,899.526993473155,900.0,1012.1596486554863,1013.0,1023.0531223967901,2
573,14400,283.0,305.4830149078389,,,556.0,686.6744488193362,687.0,712.1786689812743,738.0,861.6965778774811,866.0,903.1931185377507,904.0,1009.5791445666528,1010.0,1020.1085195407959,2
574,14400,292.0,315.4369977704846,,,557.0,647.0281339178182,655.0,680.1924756385833,702.0,827.255489675259,829.0,865.8365151139769,866.0,971.8316896111664,972.0,983.4658111163844,2
575,15840,47.0,122.11501777786543,,,125.0,223.33306838077442,231.0,603.1651060867443,622.0,746.0641270317537,769.0,805.240625847975,806.0,916.0865518278551,917.0,927.8422169675723,2
576,15840,47.0,72.6151498981526,,,89.0,592.1917041015331,594.0,620.871513210197,650.0,774.9494689275307,776.0,812.001213943895,813.0,924.1331504723166,925.0,935.3628232394658,2
577,15840,49.0,74.98321840809695,,,119.0,243.2977920021367,247.0,591.5517236509986,636.0,768.3224037809414,783.0,820.3721970144034,821.0,926.7716455239097,927.0,937.885613549417,2
578,15840,49.0,71.88544668857503,,,121.0,270.60264634661144,272.0,301.7336895536282,338.0,465.6874486851848,467.0,505.1788506920511,506.0,613.5846363224737,614.0,624.948282486981,2
579,15840,49.0,118.98301670766705,,,122.0,179.93535853001958,196.0,259.1629332662451,285.0,409.4404939538417,420.0,456.51659575648955,457.0,568.6673549409061,569.0,580.1595452877955,2
580,15840,70.0,92.61824201546915,130.0,294.9281212974911,,,297.0,322.63824361390107,345.0,468.959840307436,486.0,524.5778176800777,525.0,630.7750000760752,631.0,641.8538508200836,2
581,15840,70.0,92.61824201546915,130.0,294.9281212974911,,,297.0,322.63824361390107,358.0,484.62125192279746,492.0,527.6212914696516,528.0,633.2349672434684,634.0,644.9405545016743,2
582,15840,97.0,119.00310640168573,242.0,725.8968493147622,,,733.0,758.8086971068842,768.0,891.7736397573863,893.0,936.5293893653434,937.0,1044.5155130121602,1045.0,1055.4073399175832,2
583,15840,97.0,119.00310640168573,242.0,725.8968493147622,,,733.0,758.8086971068842,768.0,895.1730228264714,897.0,941.6932590523575,942.0,1046.8772797823694,1047.0,1057.2333954626083,2
584,15840,99.0,227.72391456884725,,,251.0,305.4458170211692,312.0,344.4992553230659,368.0,494.1824301559518,496.0,531.7182657062749,532.0,637.0762775271651,638.0,649.1647233250769,2
585,15840,100.0,123.19126496288663,254.0,514.8974931979756,,,515.0,543.3566683738209,608.0,740.4207035221552,742.0,779.321106007148,780.0,883.7413306162016,884.0,894.0784214546511,2
586,15840,121.0,144.27599590262253,,,265.0,318.5748148881121,331.0,355.6817539702606,375.0,504.89116369154544,512.0,548.8838920315902,549.0,658.2206338916039,659.0,669.1921290514656,2
587,15840,139.0,247.43661711895402,295.0,358.95787790082977,,,363.0,388.72441250997144,405.0,529.4996228744949,610.0,644.8772179953994,645.0,755.2769405201398,756.0,767.8921707095942,2
588,15840,141.0,166.92803105504026,,,297.0,595.1170461686743,607.0,678.7030088119791,688.0,818.678440988846,820.0,857.9783418813568,858.0,963.0126736368256,964.0,975.280115601814,2
589,15840,145.0,342.0463528561577,347.0,472.57712611736497,,,506.0,538.7365645502214,557.0,690.6957500707067,739.0,776.5300317231304,777.0,886.521992657883,887.0,897.1985176704038,2
590,15840,146.0,168.86064811061078,,,316.0,418.1897402346294,419.0,517.3640872864089,536.0,662.0129762764664,664.0,702.2484565545856,703.0,806.9003668217192,807.0,817.320037110876,2
591,15840,146.0,168.86064811061078,,,316.0,418.1897402346294,419.0,517.3640872864089,536.0,661.8141174686316,663.0,700.0772316840921,701.0,809.5626026632017,810.0,821.1096369693623,2
592,15840,170.0,193.672396194901,,,351.0,407.84335084869053,412.0,510.4614574509833,528.0,650.8043707438555,652.0,687.7218629972813,688.0,796.3779109865864,797.0,807.2253989215278,2
593,15840,194.0,218.32304485401983,,,367.0,587.184689152411,592.0,623.0617581590777,657.0,785.1653656937124,787.0,821.9774046242237,822.0,931.6451062475571,932.0,942.9905891407398,2
594,15840,219.0,246.09524157276428,396.0,515.7947679733988,,,521.0,593.7896167598919,615.0,737.9221680773444,744.0,782.0979388596461,783.0,890.1634520531843,891.0,901.0019964241801,2
595,15840,223.0,342.822905988196,,,412.0,548.4614501367432,558.0,694.4404628841585,709.0,832.9849828254046,834.0,872.0686800623298,873.0,977.8911063880078,978.0,988.323864966831,2
596,15840,223.0,342.822905988196,,,412.0,548.4614501367432,558.0,694.4404628841585,709.0,836.7145780687933,838.0,873.0516918648464,874.0,980.9273163814069,981.0,991.4715172058714,2
597,15840,247.0,269.94851896403634,,,505.0,558.2886239503387,567.0,681.4124940103538,716.0,842.8734799443664,854.0,889.1279720391212,890.0,997.8236220508006,998.0,1009.0599163364204,2
598,15840,273.0,295.8426819744127,548.0,691.3337954526833,,,695.0,719.9549663209655,738.0,865.5751871569992,874.0,914.8842804249689,915.0,1020.0215473267162,1021.0,1031.0984532776456,2
599,15840,276.0,298.7517125221493,,,555.0,644.5724157358272,651.0,683.1615946396487,702.0,830.8087651435926,832.0,868.5557795653694,869.0,974.7066594185198,975.0,985.0865669452178,2
